
--
-- PostgreSQL database dump complete
--

INSERT INTO public.departments (department_id, name, parent_department_id, parent_position_id, deleted, deleted_at) VALUES (21, 'Администрация', null, null, false, null);
INSERT INTO public.departments (department_id, name, parent_department_id, parent_position_id, deleted, deleted_at) VALUES (22, 'Управление', null, 39, false, null);
INSERT INTO public.departments (department_id, name, parent_department_id, parent_position_id, deleted, deleted_at) VALUES (23, 'Управление цифровизации и градостроительных данных', 22, null, false, null);
INSERT INTO public.departments (department_id, name, parent_department_id, parent_position_id, deleted, deleted_at) VALUES (24, 'Управление цифрового развития', 22, null, false, null);
INSERT INTO public.departments (department_id, name, parent_department_id, parent_position_id, deleted, deleted_at) VALUES (25, 'Отдел координации реализации планов ОИВ', null, 50, false, null);
INSERT INTO public.departments (department_id, name, parent_department_id, parent_position_id, deleted, deleted_at) VALUES (26, 'Отдел координации аналитики ПО Строительство', null, 51, false, null);
INSERT INTO public.departments (department_id, name, parent_department_id, parent_position_id, deleted, deleted_at) VALUES (27, 'Отдел координации аналитики ПО Земля', null, 51, false, null);
INSERT INTO public.departments (department_id, name, parent_department_id, parent_position_id, deleted, deleted_at) VALUES (28, 'Отдел координации аналитики ПО Градрешения', null, 51, false, null);
INSERT INTO public.departments (department_id, name, parent_department_id, parent_position_id, deleted, deleted_at) VALUES (29, 'Отдел координации аналитики ПО Аналитики и Мониторинга', null, 51, false, null);
INSERT INTO public.departments (department_id, name, parent_department_id, parent_position_id, deleted, deleted_at) VALUES (30, 'Отдел координации разработки', null, 52, false, null);
INSERT INTO public.departments (department_id, name, parent_department_id, parent_position_id, deleted, deleted_at) VALUES (31, 'Отдел инженерного обеспечения', null, 52, false, null);
INSERT INTO public.departments (department_id, name, parent_department_id, parent_position_id, deleted, deleted_at) VALUES (33, 'Отдел координации деятельности', null, 53, false, null);
INSERT INTO public.departments (department_id, name, parent_department_id, parent_position_id, deleted, deleted_at) VALUES (32, 'Отдел тестирования', null, 52, false, null);
INSERT INTO public.employeeprojects (employee_id, project_id, role, deleted, deleted_at) VALUES (82, 7, 'Участник', false, null);
INSERT INTO public.employeeprojects (employee_id, project_id, role, deleted, deleted_at) VALUES (83, 7, 'Участник', false, null);
INSERT INTO public.employeeprojects (employee_id, project_id, role, deleted, deleted_at) VALUES (91, 7, 'Участник', true, '2025-05-05 06:51:06.012317');
INSERT INTO public.employeeprojects (employee_id, project_id, role, deleted, deleted_at) VALUES (84, 7, 'Участник', true, '2025-05-05 06:51:12.268273');
INSERT INTO public.employeeprojects (employee_id, project_id, role, deleted, deleted_at) VALUES (85, 7, 'Участник', true, '2025-05-05 06:51:14.770815');
INSERT INTO public.employeeprojects (employee_id, project_id, role, deleted, deleted_at) VALUES (88, 7, 'Участник', false, null);
INSERT INTO public.employeeprojects (employee_id, project_id, role, deleted, deleted_at) VALUES (90, 7, 'Участник', false, null);
INSERT INTO public.employeeprojects (employee_id, project_id, role, deleted, deleted_at) VALUES (128, 7, 'Участник', false, null);
INSERT INTO public.employeeprojects (employee_id, project_id, role, deleted, deleted_at) VALUES (127, 7, 'Участник', false, null);
INSERT INTO public.employeeprojects (employee_id, project_id, role, deleted, deleted_at) VALUES (86, 7, 'Участник', false, null);
INSERT INTO public.employeeprojects (employee_id, project_id, role, deleted, deleted_at) VALUES (87, 7, 'Участник', false, null);
INSERT INTO public.employeeprojects (employee_id, project_id, role, deleted, deleted_at) VALUES (101, 7, 'Участник', false, null);
INSERT INTO public.employeeprojects (employee_id, project_id, role, deleted, deleted_at) VALUES (116, 7, 'Участник', false, null);
INSERT INTO public.employeeprojects (employee_id, project_id, role, deleted, deleted_at) VALUES (118, 7, 'Участник', false, null);
INSERT INTO public.employeeprojects (employee_id, project_id, role, deleted, deleted_at) VALUES (100, 7, 'Участник', false, null);
INSERT INTO public.employeeprojects (employee_id, project_id, role, deleted, deleted_at) VALUES (117, 7, 'Участник', false, null);
INSERT INTO public.employeeprojects (employee_id, project_id, role, deleted, deleted_at) VALUES (119, 7, 'Участник', false, null);
INSERT INTO public.employeeprojects (employee_id, project_id, role, deleted, deleted_at) VALUES (108, 7, 'Участник', false, null);
INSERT INTO public.employeeprojects (employee_id, project_id, role, deleted, deleted_at) VALUES (96, 7, 'Участник', false, null);
INSERT INTO public.employeeprojects (employee_id, project_id, role, deleted, deleted_at) VALUES (110, 7, 'Участник', false, null);
INSERT INTO public.employeeprojects (employee_id, project_id, role, deleted, deleted_at) VALUES (113, 7, 'Участник', false, null);
INSERT INTO public.employeeprojects (employee_id, project_id, role, deleted, deleted_at) VALUES (114, 7, 'Участник', false, null);
INSERT INTO public.employeeprojects (employee_id, project_id, role, deleted, deleted_at) VALUES (73, 8, 'Участник', false, null);
INSERT INTO public.employeeprojects (employee_id, project_id, role, deleted, deleted_at) VALUES (74, 8, 'Участник', false, null);
INSERT INTO public.employeeprojects (employee_id, project_id, role, deleted, deleted_at) VALUES (82, 8, 'Участник', false, null);
INSERT INTO public.employeeprojects (employee_id, project_id, role, deleted, deleted_at) VALUES (83, 8, 'Участник', false, null);
INSERT INTO public.employeeprojects (employee_id, project_id, role, deleted, deleted_at) VALUES (85, 8, 'Участник', false, null);
INSERT INTO public.employeeprojects (employee_id, project_id, role, deleted, deleted_at) VALUES (89, 8, 'Участник', false, null);
INSERT INTO public.employeeprojects (employee_id, project_id, role, deleted, deleted_at) VALUES (114, 8, 'Участник', false, null);
INSERT INTO public.employeeprojects (employee_id, project_id, role, deleted, deleted_at) VALUES (93, 8, 'Участник', false, null);
INSERT INTO public.employeeprojects (employee_id, project_id, role, deleted, deleted_at) VALUES (120, 8, 'Участник', false, null);
INSERT INTO public.employeeprojects (employee_id, project_id, role, deleted, deleted_at) VALUES (112, 8, 'Участник', false, null);
INSERT INTO public.employeeprojects (employee_id, project_id, role, deleted, deleted_at) VALUES (109, 8, 'Участник', false, null);
INSERT INTO public.employeeprojects (employee_id, project_id, role, deleted, deleted_at) VALUES (107, 8, 'Участник', false, null);
INSERT INTO public.employeeprojects (employee_id, project_id, role, deleted, deleted_at) VALUES (65, 9, 'Участник', false, null);
INSERT INTO public.employeeprojects (employee_id, project_id, role, deleted, deleted_at) VALUES (69, 9, 'Участник', false, null);
INSERT INTO public.employeeprojects (employee_id, project_id, role, deleted, deleted_at) VALUES (70, 9, 'Участник', false, null);
INSERT INTO public.employeeprojects (employee_id, project_id, role, deleted, deleted_at) VALUES (81, 9, 'Участник', false, null);
INSERT INTO public.employeeprojects (employee_id, project_id, role, deleted, deleted_at) VALUES (73, 9, 'Участник', false, null);
INSERT INTO public.employeeprojects (employee_id, project_id, role, deleted, deleted_at) VALUES (74, 9, 'Участник', false, null);
INSERT INTO public.employeeprojects (employee_id, project_id, role, deleted, deleted_at) VALUES (76, 9, 'Участник', false, null);
INSERT INTO public.employeeprojects (employee_id, project_id, role, deleted, deleted_at) VALUES (77, 9, 'Участник', false, null);
INSERT INTO public.employeeprojects (employee_id, project_id, role, deleted, deleted_at) VALUES (130, 9, 'Участник', false, null);
INSERT INTO public.employeeprojects (employee_id, project_id, role, deleted, deleted_at) VALUES (82, 9, 'Участник', false, null);
INSERT INTO public.employeeprojects (employee_id, project_id, role, deleted, deleted_at) VALUES (83, 9, 'Участник', false, null);
INSERT INTO public.employeeprojects (employee_id, project_id, role, deleted, deleted_at) VALUES (85, 9, 'Участник', false, null);
INSERT INTO public.employeeprojects (employee_id, project_id, role, deleted, deleted_at) VALUES (89, 9, 'Участник', false, null);
INSERT INTO public.employeeprojects (employee_id, project_id, role, deleted, deleted_at) VALUES (101, 9, 'Участник', false, null);
INSERT INTO public.employeeprojects (employee_id, project_id, role, deleted, deleted_at) VALUES (24, 9, 'Участник', false, null);
INSERT INTO public.employeeprojects (employee_id, project_id, role, deleted, deleted_at) VALUES (108, 9, 'Участник', false, null);
INSERT INTO public.employeeprojects (employee_id, project_id, role, deleted, deleted_at) VALUES (96, 9, 'Участник', false, null);
INSERT INTO public.employeeprojects (employee_id, project_id, role, deleted, deleted_at) VALUES (110, 9, 'Участник', false, null);
INSERT INTO public.employeeprojects (employee_id, project_id, role, deleted, deleted_at) VALUES (113, 9, 'Участник', false, null);
INSERT INTO public.employeeprojects (employee_id, project_id, role, deleted, deleted_at) VALUES (114, 9, 'Участник', false, null);
INSERT INTO public.employeeprojects (employee_id, project_id, role, deleted, deleted_at) VALUES (95, 9, 'Участник', false, null);
INSERT INTO public.employeeprojects (employee_id, project_id, role, deleted, deleted_at) VALUES (105, 9, 'Участник', false, null);
INSERT INTO public.employeeprojects (employee_id, project_id, role, deleted, deleted_at) VALUES (94, 9, 'Участник', false, null);
INSERT INTO public.employeeprojects (employee_id, project_id, role, deleted, deleted_at) VALUES (121, 9, 'Участник', false, null);
INSERT INTO public.employeeprojects (employee_id, project_id, role, deleted, deleted_at) VALUES (99, 9, 'Участник', false, null);
INSERT INTO public.employeeprojects (employee_id, project_id, role, deleted, deleted_at) VALUES (82, 10, 'Участник', false, null);
INSERT INTO public.employeeprojects (employee_id, project_id, role, deleted, deleted_at) VALUES (87, 10, 'Участник', false, null);
INSERT INTO public.employeeprojects (employee_id, project_id, role, deleted, deleted_at) VALUES (101, 10, 'Участник', false, null);
INSERT INTO public.employeeprojects (employee_id, project_id, role, deleted, deleted_at) VALUES (116, 10, 'Участник', false, null);
INSERT INTO public.employeeprojects (employee_id, project_id, role, deleted, deleted_at) VALUES (118, 10, 'Участник', false, null);
INSERT INTO public.employeeprojects (employee_id, project_id, role, deleted, deleted_at) VALUES (100, 10, 'Участник', false, null);
INSERT INTO public.employeeprojects (employee_id, project_id, role, deleted, deleted_at) VALUES (117, 10, 'Участник', false, null);
INSERT INTO public.employeeprojects (employee_id, project_id, role, deleted, deleted_at) VALUES (119, 10, 'Участник', false, null);
INSERT INTO public.employeeprojects (employee_id, project_id, role, deleted, deleted_at) VALUES (108, 10, 'Участник', false, null);
INSERT INTO public.employeeprojects (employee_id, project_id, role, deleted, deleted_at) VALUES (96, 10, 'Участник', false, null);
INSERT INTO public.employeeprojects (employee_id, project_id, role, deleted, deleted_at) VALUES (110, 10, 'Участник', false, null);
INSERT INTO public.employeeprojects (employee_id, project_id, role, deleted, deleted_at) VALUES (113, 10, 'Участник', false, null);
INSERT INTO public.employeeprojects (employee_id, project_id, role, deleted, deleted_at) VALUES (114, 10, 'Участник', false, null);
INSERT INTO public.employeeprojects (employee_id, project_id, role, deleted, deleted_at) VALUES (95, 11, 'Участник', false, null);
INSERT INTO public.employeeprojects (employee_id, project_id, role, deleted, deleted_at) VALUES (111, 11, 'Участник', false, null);
INSERT INTO public.employeeprojects (employee_id, project_id, role, deleted, deleted_at) VALUES (115, 11, 'Участник', false, null);
INSERT INTO public.employeeprojects (employee_id, project_id, role, deleted, deleted_at) VALUES (82, 12, 'Участник', false, null);
INSERT INTO public.employeeprojects (employee_id, project_id, role, deleted, deleted_at) VALUES (83, 12, 'Участник', false, null);
INSERT INTO public.employeeprojects (employee_id, project_id, role, deleted, deleted_at) VALUES (128, 12, 'Участник', false, null);
INSERT INTO public.employeeprojects (employee_id, project_id, role, deleted, deleted_at) VALUES (127, 12, 'Участник', false, null);
INSERT INTO public.employeeprojects (employee_id, project_id, role, deleted, deleted_at) VALUES (86, 12, 'Участник', false, null);
INSERT INTO public.employeeprojects (employee_id, project_id, role, deleted, deleted_at) VALUES (87, 12, 'Участник', false, null);
INSERT INTO public.employeeprojects (employee_id, project_id, role, deleted, deleted_at) VALUES (95, 12, 'Участник', false, null);
INSERT INTO public.employeeprojects (employee_id, project_id, role, deleted, deleted_at) VALUES (111, 12, 'Участник', false, null);
INSERT INTO public.employeeprojects (employee_id, project_id, role, deleted, deleted_at) VALUES (115, 12, 'Участник', false, null);
INSERT INTO public.employeeprojects (employee_id, project_id, role, deleted, deleted_at) VALUES (34, 12, 'Участник', false, null);
INSERT INTO public.employeeprojects (employee_id, project_id, role, deleted, deleted_at) VALUES (46, 12, 'Участник', false, null);
INSERT INTO public.employeeprojects (employee_id, project_id, role, deleted, deleted_at) VALUES (82, 13, 'Участник', false, null);
INSERT INTO public.employeeprojects (employee_id, project_id, role, deleted, deleted_at) VALUES (83, 13, 'Участник', false, null);
INSERT INTO public.employeeprojects (employee_id, project_id, role, deleted, deleted_at) VALUES (85, 13, 'Участник', false, null);
INSERT INTO public.employeeprojects (employee_id, project_id, role, deleted, deleted_at) VALUES (91, 13, 'Участник', false, null);
INSERT INTO public.employeeprojects (employee_id, project_id, role, deleted, deleted_at) VALUES (89, 13, 'Участник', false, null);
INSERT INTO public.employeeprojects (employee_id, project_id, role, deleted, deleted_at) VALUES (90, 13, 'Участник', false, null);
INSERT INTO public.employeeprojects (employee_id, project_id, role, deleted, deleted_at) VALUES (128, 13, 'Участник', false, null);
INSERT INTO public.employeeprojects (employee_id, project_id, role, deleted, deleted_at) VALUES (127, 13, 'Участник', false, null);
INSERT INTO public.employeeprojects (employee_id, project_id, role, deleted, deleted_at) VALUES (92, 13, 'Участник', false, null);
INSERT INTO public.employeeprojects (employee_id, project_id, role, deleted, deleted_at) VALUES (114, 13, 'Участник', false, null);
INSERT INTO public.employeeprojects (employee_id, project_id, role, deleted, deleted_at) VALUES (95, 13, 'Участник', false, null);
INSERT INTO public.employeeprojects (employee_id, project_id, role, deleted, deleted_at) VALUES (105, 13, 'Участник', false, null);
INSERT INTO public.employeeprojects (employee_id, project_id, role, deleted, deleted_at) VALUES (94, 13, 'Участник', false, null);
INSERT INTO public.employeeprojects (employee_id, project_id, role, deleted, deleted_at) VALUES (121, 13, 'Участник', false, null);
INSERT INTO public.employeeprojects (employee_id, project_id, role, deleted, deleted_at) VALUES (99, 13, 'Участник', false, null);
INSERT INTO public.employeeprojects (employee_id, project_id, role, deleted, deleted_at) VALUES (106, 14, 'Участник', false, null);
INSERT INTO public.employeeprojects (employee_id, project_id, role, deleted, deleted_at) VALUES (78, 15, 'Участник', false, null);
INSERT INTO public.employeeprojects (employee_id, project_id, role, deleted, deleted_at) VALUES (79, 15, 'Участник', false, null);
INSERT INTO public.employeeprojects (employee_id, project_id, role, deleted, deleted_at) VALUES (80, 15, 'Участник', false, null);
INSERT INTO public.employeeprojects (employee_id, project_id, role, deleted, deleted_at) VALUES (93, 15, 'Участник', false, null);
INSERT INTO public.employeeprojects (employee_id, project_id, role, deleted, deleted_at) VALUES (120, 15, 'Участник', false, null);
INSERT INTO public.employeeprojects (employee_id, project_id, role, deleted, deleted_at) VALUES (112, 15, 'Участник', false, null);
INSERT INTO public.employeeprojects (employee_id, project_id, role, deleted, deleted_at) VALUES (109, 15, 'Участник', false, null);
INSERT INTO public.employeeprojects (employee_id, project_id, role, deleted, deleted_at) VALUES (107, 15, 'Участник', false, null);
INSERT INTO public.employeeprojects (employee_id, project_id, role, deleted, deleted_at) VALUES (78, 16, 'Участник', false, null);
INSERT INTO public.employeeprojects (employee_id, project_id, role, deleted, deleted_at) VALUES (79, 16, 'Участник', false, null);
INSERT INTO public.employeeprojects (employee_id, project_id, role, deleted, deleted_at) VALUES (80, 16, 'Участник', false, null);
INSERT INTO public.employeeprojects (employee_id, project_id, role, deleted, deleted_at) VALUES (93, 16, 'Участник', false, null);
INSERT INTO public.employeeprojects (employee_id, project_id, role, deleted, deleted_at) VALUES (120, 16, 'Участник', false, null);
INSERT INTO public.employeeprojects (employee_id, project_id, role, deleted, deleted_at) VALUES (112, 16, 'Участник', false, null);
INSERT INTO public.employeeprojects (employee_id, project_id, role, deleted, deleted_at) VALUES (109, 16, 'Участник', false, null);
INSERT INTO public.employeeprojects (employee_id, project_id, role, deleted, deleted_at) VALUES (107, 16, 'Участник', false, null);
INSERT INTO public.employeeprojects (employee_id, project_id, role, deleted, deleted_at) VALUES (73, 17, 'Участник', false, null);
INSERT INTO public.employeeprojects (employee_id, project_id, role, deleted, deleted_at) VALUES (74, 17, 'Участник', false, null);
INSERT INTO public.employeeprojects (employee_id, project_id, role, deleted, deleted_at) VALUES (76, 17, 'Участник', false, null);
INSERT INTO public.employeeprojects (employee_id, project_id, role, deleted, deleted_at) VALUES (82, 17, 'Участник', false, null);
INSERT INTO public.employeeprojects (employee_id, project_id, role, deleted, deleted_at) VALUES (83, 17, 'Участник', false, null);
INSERT INTO public.employeeprojects (employee_id, project_id, role, deleted, deleted_at) VALUES (85, 17, 'Участник', false, null);
INSERT INTO public.employeeprojects (employee_id, project_id, role, deleted, deleted_at) VALUES (89, 17, 'Участник', false, null);
INSERT INTO public.employeeprojects (employee_id, project_id, role, deleted, deleted_at) VALUES (74, 18, 'Участник', false, null);
INSERT INTO public.employeeprojects (employee_id, project_id, role, deleted, deleted_at) VALUES (77, 18, 'Участник', false, null);
INSERT INTO public.employeeprojects (employee_id, project_id, role, deleted, deleted_at) VALUES (80, 18, 'Участник', false, null);
INSERT INTO public.employeeprojects (employee_id, project_id, role, deleted, deleted_at) VALUES (65, 19, 'Участник', false, null);
INSERT INTO public.employeeprojects (employee_id, project_id, role, deleted, deleted_at) VALUES (69, 19, 'Участник', false, null);
INSERT INTO public.employeeprojects (employee_id, project_id, role, deleted, deleted_at) VALUES (70, 19, 'Участник', false, null);
INSERT INTO public.employeeprojects (employee_id, project_id, role, deleted, deleted_at) VALUES (81, 19, 'Участник', false, null);
INSERT INTO public.employeeprojects (employee_id, project_id, role, deleted, deleted_at) VALUES (82, 19, 'Участник', false, null);
INSERT INTO public.employeeprojects (employee_id, project_id, role, deleted, deleted_at) VALUES (83, 19, 'Участник', false, null);
INSERT INTO public.employeeprojects (employee_id, project_id, role, deleted, deleted_at) VALUES (84, 19, 'Участник', false, null);
INSERT INTO public.employeeprojects (employee_id, project_id, role, deleted, deleted_at) VALUES (82, 20, 'Участник', false, null);
INSERT INTO public.employeeprojects (employee_id, project_id, role, deleted, deleted_at) VALUES (83, 20, 'Участник', false, null);
INSERT INTO public.employeeprojects (employee_id, project_id, role, deleted, deleted_at) VALUES (85, 20, 'Участник', false, null);
INSERT INTO public.employeeprojects (employee_id, project_id, role, deleted, deleted_at) VALUES (91, 20, 'Участник', false, null);
INSERT INTO public.employeeprojects (employee_id, project_id, role, deleted, deleted_at) VALUES (89, 20, 'Участник', false, null);
INSERT INTO public.employeeprojects (employee_id, project_id, role, deleted, deleted_at) VALUES (128, 20, 'Участник', false, null);
INSERT INTO public.employeeprojects (employee_id, project_id, role, deleted, deleted_at) VALUES (127, 20, 'Участник', false, null);
INSERT INTO public.employeeprojects (employee_id, project_id, role, deleted, deleted_at) VALUES (82, 21, 'Участник', false, null);
INSERT INTO public.employeeprojects (employee_id, project_id, role, deleted, deleted_at) VALUES (83, 21, 'Участник', false, null);
INSERT INTO public.employeeprojects (employee_id, project_id, role, deleted, deleted_at) VALUES (85, 21, 'Участник', false, null);
INSERT INTO public.employeeprojects (employee_id, project_id, role, deleted, deleted_at) VALUES (89, 21, 'Участник', false, null);
INSERT INTO public.employeeprojects (employee_id, project_id, role, deleted, deleted_at) VALUES (90, 21, 'Участник', false, null);
INSERT INTO public.employeeprojects (employee_id, project_id, role, deleted, deleted_at) VALUES (128, 21, 'Участник', false, null);
INSERT INTO public.employeeprojects (employee_id, project_id, role, deleted, deleted_at) VALUES (127, 21, 'Участник', false, null);
INSERT INTO public.employeeprojects (employee_id, project_id, role, deleted, deleted_at) VALUES (86, 21, 'Участник', false, null);
INSERT INTO public.employeeprojects (employee_id, project_id, role, deleted, deleted_at) VALUES (82, 22, 'Участник', false, null);
INSERT INTO public.employeeprojects (employee_id, project_id, role, deleted, deleted_at) VALUES (83, 22, 'Участник', false, null);
INSERT INTO public.employeeprojects (employee_id, project_id, role, deleted, deleted_at) VALUES (85, 22, 'Участник', false, null);
INSERT INTO public.employeeprojects (employee_id, project_id, role, deleted, deleted_at) VALUES (89, 22, 'Участник', false, null);
INSERT INTO public.employeeprojects (employee_id, project_id, role, deleted, deleted_at) VALUES (128, 22, 'Участник', false, null);
INSERT INTO public.employeeprojects (employee_id, project_id, role, deleted, deleted_at) VALUES (127, 22, 'Участник', false, null);
INSERT INTO public.employeeprojects (employee_id, project_id, role, deleted, deleted_at) VALUES (86, 22, 'Участник', false, null);
INSERT INTO public.employeeprojects (employee_id, project_id, role, deleted, deleted_at) VALUES (82, 23, 'Участник', false, null);
INSERT INTO public.employeeprojects (employee_id, project_id, role, deleted, deleted_at) VALUES (83, 23, 'Участник', false, null);
INSERT INTO public.employeeprojects (employee_id, project_id, role, deleted, deleted_at) VALUES (85, 23, 'Участник', false, null);
INSERT INTO public.employeeprojects (employee_id, project_id, role, deleted, deleted_at) VALUES (89, 23, 'Участник', false, null);
INSERT INTO public.employeeprojects (employee_id, project_id, role, deleted, deleted_at) VALUES (92, 23, 'Участник', false, null);
INSERT INTO public.employees (employee_id, full_name, position_id, phone, email, manager_id, department_id, deleted, deleted_at, category_parent_id) VALUES (18, 'Степанова Дарья Владимировна', 39, '+71111111111', 'admin@test.ru', null, 21, false, null, null);
INSERT INTO public.employees (employee_id, full_name, position_id, phone, email, manager_id, department_id, deleted, deleted_at, category_parent_id) VALUES (20, 'Самарин Иван Юрьевия', 46, null, null, null, 23, false, null, null);
INSERT INTO public.employees (employee_id, full_name, position_id, phone, email, manager_id, department_id, deleted, deleted_at, category_parent_id) VALUES (21, 'Тюрькин Евгений Андреевич', 46, null, null, null, 23, false, null, null);
INSERT INTO public.employees (employee_id, full_name, position_id, phone, email, manager_id, department_id, deleted, deleted_at, category_parent_id) VALUES (22, 'Дремин Андрей', 46, null, null, null, 24, false, null, null);
INSERT INTO public.employees (employee_id, full_name, position_id, phone, email, manager_id, department_id, deleted, deleted_at, category_parent_id) VALUES (23, 'Микляева Галина Сергеевна', 46, null, null, null, 24, false, null, null);
INSERT INTO public.employees (employee_id, full_name, position_id, phone, email, manager_id, department_id, deleted, deleted_at, category_parent_id) VALUES (24, 'Попов Андрей Михайлович', 47, null, null, null, 23, false, null, null);
INSERT INTO public.employees (employee_id, full_name, position_id, phone, email, manager_id, department_id, deleted, deleted_at, category_parent_id) VALUES (25, 'Коробчану Евгений Юрьевич', 47, null, null, null, 23, false, null, null);
INSERT INTO public.employees (employee_id, full_name, position_id, phone, email, manager_id, department_id, deleted, deleted_at, category_parent_id) VALUES (27, 'Бубненкова Елена Вячеславовна', 47, null, null, 19, 24, false, null, null);
INSERT INTO public.employees (employee_id, full_name, position_id, phone, email, manager_id, department_id, deleted, deleted_at, category_parent_id) VALUES (28, 'Захарова Полина Андреевна', 47, null, null, 19, 24, false, null, null);
INSERT INTO public.employees (employee_id, full_name, position_id, phone, email, manager_id, department_id, deleted, deleted_at, category_parent_id) VALUES (29, 'Воробей Сергей Викторович', 47, null, null, 19, 24, false, null, null);
INSERT INTO public.employees (employee_id, full_name, position_id, phone, email, manager_id, department_id, deleted, deleted_at, category_parent_id) VALUES (30, 'Шедевр Олеся', 47, null, null, 19, 24, false, null, null);
INSERT INTO public.employees (employee_id, full_name, position_id, phone, email, manager_id, department_id, deleted, deleted_at, category_parent_id) VALUES (26, 'Чурилова Светлана Михайловна', 47, null, null, null, 23, false, null, null);
INSERT INTO public.employees (employee_id, full_name, position_id, phone, email, manager_id, department_id, deleted, deleted_at, category_parent_id) VALUES (19, 'Герц Владимир Андреевич', 44, null, null, null, 24, false, null, null);
INSERT INTO public.employees (employee_id, full_name, position_id, phone, email, manager_id, department_id, deleted, deleted_at, category_parent_id) VALUES (31, 'Миронова Екатерина Павловна', 48, null, null, null, 23, false, null, null);
INSERT INTO public.employees (employee_id, full_name, position_id, phone, email, manager_id, department_id, deleted, deleted_at, category_parent_id) VALUES (32, 'Зелинский Андрей Николаевич', 48, null, null, null, 23, false, null, null);
INSERT INTO public.employees (employee_id, full_name, position_id, phone, email, manager_id, department_id, deleted, deleted_at, category_parent_id) VALUES (33, 'Молева Анастасия Алексеевна', 48, null, null, null, 23, false, null, null);
INSERT INTO public.employees (employee_id, full_name, position_id, phone, email, manager_id, department_id, deleted, deleted_at, category_parent_id) VALUES (34, 'Акимов Александр Викторович', 48, null, null, 19, 24, false, null, null);
INSERT INTO public.employees (employee_id, full_name, position_id, phone, email, manager_id, department_id, deleted, deleted_at, category_parent_id) VALUES (35, 'Короткова Олеся Эдуардовна', 48, null, null, 19, 24, false, null, null);
INSERT INTO public.employees (employee_id, full_name, position_id, phone, email, manager_id, department_id, deleted, deleted_at, category_parent_id) VALUES (36, 'Веревкина Ольга Дмитриевна', 41, null, null, null, 23, false, null, null);
INSERT INTO public.employees (employee_id, full_name, position_id, phone, email, manager_id, department_id, deleted, deleted_at, category_parent_id) VALUES (37, 'Горошкевич Оксана Александровна', 41, null, null, null, 23, false, null, null);
INSERT INTO public.employees (employee_id, full_name, position_id, phone, email, manager_id, department_id, deleted, deleted_at, category_parent_id) VALUES (38, 'Замарина Юлия Валентиновна', 41, null, null, null, 23, false, null, null);
INSERT INTO public.employees (employee_id, full_name, position_id, phone, email, manager_id, department_id, deleted, deleted_at, category_parent_id) VALUES (39, 'Молева Дарья Алексеевна', 41, null, null, null, 23, false, null, null);
INSERT INTO public.employees (employee_id, full_name, position_id, phone, email, manager_id, department_id, deleted, deleted_at, category_parent_id) VALUES (40, 'Похлоненко Александр Михайлович', 41, null, null, null, 23, false, null, null);
INSERT INTO public.employees (employee_id, full_name, position_id, phone, email, manager_id, department_id, deleted, deleted_at, category_parent_id) VALUES (41, 'Печенкин Алексей Викторович', 41, null, null, null, 23, false, null, null);
INSERT INTO public.employees (employee_id, full_name, position_id, phone, email, manager_id, department_id, deleted, deleted_at, category_parent_id) VALUES (42, 'Молева Дарья Алексеевна', 41, null, null, null, 23, false, null, null);
INSERT INTO public.employees (employee_id, full_name, position_id, phone, email, manager_id, department_id, deleted, deleted_at, category_parent_id) VALUES (43, 'Вегерин Евгений Алексеевич', 41, null, null, 19, 24, false, null, null);
INSERT INTO public.employees (employee_id, full_name, position_id, phone, email, manager_id, department_id, deleted, deleted_at, category_parent_id) VALUES (44, 'Мусаева Джамиля Лом-Алиевна', 41, null, null, 19, 24, false, null, null);
INSERT INTO public.employees (employee_id, full_name, position_id, phone, email, manager_id, department_id, deleted, deleted_at, category_parent_id) VALUES (45, 'Акимов Михаил Александрович', 41, null, null, 19, 24, false, null, null);
INSERT INTO public.employees (employee_id, full_name, position_id, phone, email, manager_id, department_id, deleted, deleted_at, category_parent_id) VALUES (46, 'Дупенко Владимир Сергеевич', 41, null, null, 19, 24, false, null, null);
INSERT INTO public.employees (employee_id, full_name, position_id, phone, email, manager_id, department_id, deleted, deleted_at, category_parent_id) VALUES (47, 'Крохалевский Игорь Владимирович', 41, null, null, 19, 24, false, null, null);
INSERT INTO public.employees (employee_id, full_name, position_id, phone, email, manager_id, department_id, deleted, deleted_at, category_parent_id) VALUES (48, 'Гутеев Роберт Андреевич', 41, null, null, 19, 24, false, null, null);
INSERT INTO public.employees (employee_id, full_name, position_id, phone, email, manager_id, department_id, deleted, deleted_at, category_parent_id) VALUES (49, 'Шатский Никита Александрович', 41, null, null, 19, 24, false, null, null);
INSERT INTO public.employees (employee_id, full_name, position_id, phone, email, manager_id, department_id, deleted, deleted_at, category_parent_id) VALUES (50, 'Шивцов Максим Владимирович', 41, null, null, 19, 24, false, null, null);
INSERT INTO public.employees (employee_id, full_name, position_id, phone, email, manager_id, department_id, deleted, deleted_at, category_parent_id) VALUES (51, 'Кунец Анастасия Леонидовна', 41, null, null, 19, 24, false, null, null);
INSERT INTO public.employees (employee_id, full_name, position_id, phone, email, manager_id, department_id, deleted, deleted_at, category_parent_id) VALUES (52, 'Щербаков Николай Владимирович', 41, null, null, 19, 24, false, null, null);
INSERT INTO public.employees (employee_id, full_name, position_id, phone, email, manager_id, department_id, deleted, deleted_at, category_parent_id) VALUES (53, 'Аскерова Елизавета Васильевна', 41, null, null, 19, 24, false, null, null);
INSERT INTO public.employees (employee_id, full_name, position_id, phone, email, manager_id, department_id, deleted, deleted_at, category_parent_id) VALUES (54, 'Гетманская Валерия Владимировна', 49, null, null, null, 23, false, null, null);
INSERT INTO public.employees (employee_id, full_name, position_id, phone, email, manager_id, department_id, deleted, deleted_at, category_parent_id) VALUES (55, 'Зайцева Кристина Константиновна', 49, null, null, null, 23, false, null, null);
INSERT INTO public.employees (employee_id, full_name, position_id, phone, email, manager_id, department_id, deleted, deleted_at, category_parent_id) VALUES (56, 'Устинович Юлиана Феликсовна ', 49, null, null, null, 23, false, null, null);
INSERT INTO public.employees (employee_id, full_name, position_id, phone, email, manager_id, department_id, deleted, deleted_at, category_parent_id) VALUES (57, 'Подгорный Александр Владимирович', 53, null, null, null, 21, false, null, null);
INSERT INTO public.employees (employee_id, full_name, position_id, phone, email, manager_id, department_id, deleted, deleted_at, category_parent_id) VALUES (58, 'Терновский Андрей Викторович', 52, null, null, null, 21, false, null, null);
INSERT INTO public.employees (employee_id, full_name, position_id, phone, email, manager_id, department_id, deleted, deleted_at, category_parent_id) VALUES (59, 'Буланцева Дарья Андреевна', 56, null, null, 57, 33, false, null, null);
INSERT INTO public.employees (employee_id, full_name, position_id, phone, email, manager_id, department_id, deleted, deleted_at, category_parent_id) VALUES (62, 'Шатунова Юлия Викторовна', 62, null, null, 57, 33, false, null, null);
INSERT INTO public.employees (employee_id, full_name, position_id, phone, email, manager_id, department_id, deleted, deleted_at, category_parent_id) VALUES (63, 'Иевская Анастасия Сергеевна', 63, null, null, 57, 33, false, null, null);
INSERT INTO public.employees (employee_id, full_name, position_id, phone, email, manager_id, department_id, deleted, deleted_at, category_parent_id) VALUES (61, 'Призенцев Иван Александрович', 61, null, null, 57, 33, false, null, null);
INSERT INTO public.employees (employee_id, full_name, position_id, phone, email, manager_id, department_id, deleted, deleted_at, category_parent_id) VALUES (60, 'Зиндеева Елена Леонидовна', 60, null, null, 57, 33, false, null, null);
INSERT INTO public.employees (employee_id, full_name, position_id, phone, email, manager_id, department_id, deleted, deleted_at, category_parent_id) VALUES (64, 'Косягин Дмитрий Сергеевич', 66, null, null, null, 32, false, null, null);
INSERT INTO public.employees (employee_id, full_name, position_id, phone, email, manager_id, department_id, deleted, deleted_at, category_parent_id) VALUES (65, 'Вишневский Павел Александрович', 69, null, null, null, 25, false, null, null);
INSERT INTO public.employees (employee_id, full_name, position_id, phone, email, manager_id, department_id, deleted, deleted_at, category_parent_id) VALUES (66, 'Колпашников Константин Михайлович', 70, null, null, null, 25, false, null, null);
INSERT INTO public.employees (employee_id, full_name, position_id, phone, email, manager_id, department_id, deleted, deleted_at, category_parent_id) VALUES (67, 'Луканин Александр Валерьевич', 70, null, null, null, 25, false, null, null);
INSERT INTO public.employees (employee_id, full_name, position_id, phone, email, manager_id, department_id, deleted, deleted_at, category_parent_id) VALUES (68, 'Якушев Григорий Витальевич', 71, null, null, null, 25, false, null, null);
INSERT INTO public.employees (employee_id, full_name, position_id, phone, email, manager_id, department_id, deleted, deleted_at, category_parent_id) VALUES (69, 'Пьяных Евгений Николаевич', 72, null, null, null, 25, false, null, null);
INSERT INTO public.employees (employee_id, full_name, position_id, phone, email, manager_id, department_id, deleted, deleted_at, category_parent_id) VALUES (70, 'Тедеева Линда Ростиславовна', 73, null, null, null, 25, false, null, null);
INSERT INTO public.employees (employee_id, full_name, position_id, phone, email, manager_id, department_id, deleted, deleted_at, category_parent_id) VALUES (71, 'Беликова Вероника Георгиевна', 74, null, null, null, 25, false, null, null);
INSERT INTO public.employees (employee_id, full_name, position_id, phone, email, manager_id, department_id, deleted, deleted_at, category_parent_id) VALUES (72, 'Дорохина Елена Сергеевна', 74, null, null, null, 25, false, null, null);
INSERT INTO public.employees (employee_id, full_name, position_id, phone, email, manager_id, department_id, deleted, deleted_at, category_parent_id) VALUES (73, 'Панов Егор Викторович', 69, null, null, null, 26, false, null, null);
INSERT INTO public.employees (employee_id, full_name, position_id, phone, email, manager_id, department_id, deleted, deleted_at, category_parent_id) VALUES (74, 'Полякова Екатерина Валентиновна', 71, null, null, null, 26, false, null, null);
INSERT INTO public.employees (employee_id, full_name, position_id, phone, email, manager_id, department_id, deleted, deleted_at, category_parent_id) VALUES (75, 'Ануфриев Иван Дмитриевич', 73, null, null, null, 26, false, null, null);
INSERT INTO public.employees (employee_id, full_name, position_id, phone, email, manager_id, department_id, deleted, deleted_at, category_parent_id) VALUES (76, 'Данилкин Сергей Александрович', 75, null, null, null, 26, false, null, null);
INSERT INTO public.employees (employee_id, full_name, position_id, phone, email, manager_id, department_id, deleted, deleted_at, category_parent_id) VALUES (77, 'Гилязова Ляйсан Анваровна', 76, null, null, null, 26, false, null, null);
INSERT INTO public.employees (employee_id, full_name, position_id, phone, email, manager_id, department_id, deleted, deleted_at, category_parent_id) VALUES (78, 'Чащин Павел Леонидович', 69, null, null, null, 27, false, null, null);
INSERT INTO public.employees (employee_id, full_name, position_id, phone, email, manager_id, department_id, deleted, deleted_at, category_parent_id) VALUES (79, 'Сизёнова Анастасия Сергеевна', 70, null, null, null, 27, false, null, null);
INSERT INTO public.employees (employee_id, full_name, position_id, phone, email, manager_id, department_id, deleted, deleted_at, category_parent_id) VALUES (80, 'Крюков Роман Николаевич', 72, null, null, null, 27, false, null, null);
INSERT INTO public.employees (employee_id, full_name, position_id, phone, email, manager_id, department_id, deleted, deleted_at, category_parent_id) VALUES (81, 'Вишневская Светлана Александровна', 73, null, null, null, 28, false, null, null);
INSERT INTO public.employees (employee_id, full_name, position_id, phone, email, manager_id, department_id, deleted, deleted_at, category_parent_id) VALUES (82, 'Коляндра Наталина Павловна', 69, null, null, null, 29, false, null, null);
INSERT INTO public.employees (employee_id, full_name, position_id, phone, email, manager_id, department_id, deleted, deleted_at, category_parent_id) VALUES (83, 'Савченко Максим Павлович', 70, null, null, 82, 29, false, null, null);
INSERT INTO public.employees (employee_id, full_name, position_id, phone, email, manager_id, department_id, deleted, deleted_at, category_parent_id) VALUES (84, 'Назаров Алексей Викторович', 71, null, null, 82, 29, false, null, null);
INSERT INTO public.employees (employee_id, full_name, position_id, phone, email, manager_id, department_id, deleted, deleted_at, category_parent_id) VALUES (85, 'Карклис Алина Дмитриевна', 72, null, null, 82, 29, false, null, null);
INSERT INTO public.employees (employee_id, full_name, position_id, phone, email, manager_id, department_id, deleted, deleted_at, category_parent_id) VALUES (86, 'Ямаева Ильвира Ирековна', 73, null, null, 82, 29, false, null, null);
INSERT INTO public.employees (employee_id, full_name, position_id, phone, email, manager_id, department_id, deleted, deleted_at, category_parent_id) VALUES (87, 'Белякова Анна Сергеевна', 75, null, null, 82, 29, false, null, null);
INSERT INTO public.employees (employee_id, full_name, position_id, phone, email, manager_id, department_id, deleted, deleted_at, category_parent_id) VALUES (88, 'Тураев Глеб Вадимович', 75, null, null, 82, 29, false, null, null);
INSERT INTO public.employees (employee_id, full_name, position_id, phone, email, manager_id, department_id, deleted, deleted_at, category_parent_id) VALUES (89, 'Гильгамешин Георгий Данилович', 77, null, null, 82, 29, false, null, null);
INSERT INTO public.employees (employee_id, full_name, position_id, phone, email, manager_id, department_id, deleted, deleted_at, category_parent_id) VALUES (90, 'Давыдова Полина Сергеевна', 77, null, null, 82, 29, false, null, null);
INSERT INTO public.employees (employee_id, full_name, position_id, phone, email, manager_id, department_id, deleted, deleted_at, category_parent_id) VALUES (91, 'Месяцева Наталья Вячеславовна', 78, null, null, 82, 29, false, null, null);
INSERT INTO public.employees (employee_id, full_name, position_id, phone, email, manager_id, department_id, deleted, deleted_at, category_parent_id) VALUES (92, 'Куров Иван Александрович', 78, null, null, 82, 29, false, null, null);
INSERT INTO public.employees (employee_id, full_name, position_id, phone, email, manager_id, department_id, deleted, deleted_at, category_parent_id) VALUES (94, 'Джиндоев Юрий Мосесович', 80, null, null, null, 30, false, null, null);
INSERT INTO public.employees (employee_id, full_name, position_id, phone, email, manager_id, department_id, deleted, deleted_at, category_parent_id) VALUES (95, 'Асрян Артем Камоевич', 80, null, null, null, 30, false, null, null);
INSERT INTO public.employees (employee_id, full_name, position_id, phone, email, manager_id, department_id, deleted, deleted_at, category_parent_id) VALUES (93, 'Гарнага Алексей Анатольевич', 85, null, null, null, 30, false, null, 79);
INSERT INTO public.employees (employee_id, full_name, position_id, phone, email, manager_id, department_id, deleted, deleted_at, category_parent_id) VALUES (105, 'Ермаков Алексей Владимирович', 83, null, null, null, 30, false, null, null);
INSERT INTO public.employees (employee_id, full_name, position_id, phone, email, manager_id, department_id, deleted, deleted_at, category_parent_id) VALUES (102, 'Пономарев Ярослав Валериевич', 85, null, null, null, 30, true, '2025-05-05 01:17:05.141034', 81);
INSERT INTO public.employees (employee_id, full_name, position_id, phone, email, manager_id, department_id, deleted, deleted_at, category_parent_id) VALUES (96, 'Пономарев Ярослав Валериевич', 93, null, null, null, 30, false, null, null);
INSERT INTO public.employees (employee_id, full_name, position_id, phone, email, manager_id, department_id, deleted, deleted_at, category_parent_id) VALUES (97, 'Кораблев Денис Алексеевич', 85, null, null, null, 30, true, '2025-05-05 01:17:33.471029', 81);
INSERT INTO public.employees (employee_id, full_name, position_id, phone, email, manager_id, department_id, deleted, deleted_at, category_parent_id) VALUES (103, 'Кораблев Денис Алексеевич', 93, null, null, null, 30, false, null, null);
INSERT INTO public.employees (employee_id, full_name, position_id, phone, email, manager_id, department_id, deleted, deleted_at, category_parent_id) VALUES (98, 'Шабельников Андрей Владиленович', 85, null, null, null, 30, true, '2025-05-05 01:17:49.590375', 81);
INSERT INTO public.employees (employee_id, full_name, position_id, phone, email, manager_id, department_id, deleted, deleted_at, category_parent_id) VALUES (104, 'Шабельников Андрей Владиленович', 93, null, null, null, 30, false, null, null);
INSERT INTO public.employees (employee_id, full_name, position_id, phone, email, manager_id, department_id, deleted, deleted_at, category_parent_id) VALUES (99, 'Чалоян Бемал Андраникович', 94, null, null, null, 30, false, null, null);
INSERT INTO public.employees (employee_id, full_name, position_id, phone, email, manager_id, department_id, deleted, deleted_at, category_parent_id) VALUES (100, 'Гайсуев Ислам Русланович', 94, null, null, null, 30, false, null, null);
INSERT INTO public.employees (employee_id, full_name, position_id, phone, email, manager_id, department_id, deleted, deleted_at, category_parent_id) VALUES (101, 'Измайлов Станислав Юрьевич', 95, null, null, null, 30, false, null, null);
INSERT INTO public.employees (employee_id, full_name, position_id, phone, email, manager_id, department_id, deleted, deleted_at, category_parent_id) VALUES (106, 'Шилик Павел Олегович', 105, null, null, null, 30, false, null, null);
INSERT INTO public.employees (employee_id, full_name, position_id, phone, email, manager_id, department_id, deleted, deleted_at, category_parent_id) VALUES (107, 'Магафуров Айрат Раилевич', 105, null, null, null, 30, false, null, null);
INSERT INTO public.employees (employee_id, full_name, position_id, phone, email, manager_id, department_id, deleted, deleted_at, category_parent_id) VALUES (108, 'Боровков Егор Николаевич', 105, null, null, null, 30, false, null, null);
INSERT INTO public.employees (employee_id, full_name, position_id, phone, email, manager_id, department_id, deleted, deleted_at, category_parent_id) VALUES (109, 'Бауров Алексей Владимирович', 105, null, null, null, 30, false, null, null);
INSERT INTO public.employees (employee_id, full_name, position_id, phone, email, manager_id, department_id, deleted, deleted_at, category_parent_id) VALUES (110, 'Зятковский Владислав Олегович', 105, null, null, null, 30, false, null, null);
INSERT INTO public.employees (employee_id, full_name, position_id, phone, email, manager_id, department_id, deleted, deleted_at, category_parent_id) VALUES (111, 'Полянский Борис Петрович', 105, null, null, null, 30, false, null, null);
INSERT INTO public.employees (employee_id, full_name, position_id, phone, email, manager_id, department_id, deleted, deleted_at, category_parent_id) VALUES (112, 'Коваленко Юрий Александрович', 96, null, null, null, 30, false, null, null);
INSERT INTO public.employees (employee_id, full_name, position_id, phone, email, manager_id, department_id, deleted, deleted_at, category_parent_id) VALUES (113, 'Ражев Иван Юрьевич', 96, null, null, null, 30, false, null, null);
INSERT INTO public.employees (employee_id, full_name, position_id, phone, email, manager_id, department_id, deleted, deleted_at, category_parent_id) VALUES (114, 'Раченко Вячеслав Александрович', 96, null, null, null, 30, false, null, null);
INSERT INTO public.employees (employee_id, full_name, position_id, phone, email, manager_id, department_id, deleted, deleted_at, category_parent_id) VALUES (115, 'Прокопьев Вячеслав Алексеевич', 96, null, null, null, 30, false, null, null);
INSERT INTO public.employees (employee_id, full_name, position_id, phone, email, manager_id, department_id, deleted, deleted_at, category_parent_id) VALUES (116, 'Абрамов Руслан Владимирович', 96, null, null, null, 30, false, null, null);
INSERT INTO public.employees (employee_id, full_name, position_id, phone, email, manager_id, department_id, deleted, deleted_at, category_parent_id) VALUES (117, 'Дашкин Богдан Владимирович', 96, null, null, null, 30, false, null, null);
INSERT INTO public.employees (employee_id, full_name, position_id, phone, email, manager_id, department_id, deleted, deleted_at, category_parent_id) VALUES (118, 'Попов Сергей Павлович', 96, null, null, null, 30, false, null, null);
INSERT INTO public.employees (employee_id, full_name, position_id, phone, email, manager_id, department_id, deleted, deleted_at, category_parent_id) VALUES (119, 'Орлов Павел Александрович', 97, null, null, null, 30, false, null, null);
INSERT INTO public.employees (employee_id, full_name, position_id, phone, email, manager_id, department_id, deleted, deleted_at, category_parent_id) VALUES (120, 'Щербаков Ярослав Юрьевич', 98, null, null, null, 30, false, null, null);
INSERT INTO public.employees (employee_id, full_name, position_id, phone, email, manager_id, department_id, deleted, deleted_at, category_parent_id) VALUES (121, 'Салахутдинов Марат Рамилевич', 98, null, null, null, 30, false, null, null);
INSERT INTO public.employees (employee_id, full_name, position_id, phone, email, manager_id, department_id, deleted, deleted_at, category_parent_id) VALUES (122, 'Зайцева Наталья Владимировна', 103, null, null, null, 30, false, null, null);
INSERT INTO public.employees (employee_id, full_name, position_id, phone, email, manager_id, department_id, deleted, deleted_at, category_parent_id) VALUES (123, 'Сухов Николай Николаевич', 106, null, null, null, 31, false, null, null);
INSERT INTO public.employees (employee_id, full_name, position_id, phone, email, manager_id, department_id, deleted, deleted_at, category_parent_id) VALUES (124, 'Байков Михаил Сергеевич', 114, null, null, null, 31, false, null, null);
INSERT INTO public.employees (employee_id, full_name, position_id, phone, email, manager_id, department_id, deleted, deleted_at, category_parent_id) VALUES (125, 'Леденев Сергей Александрович', 118, null, null, null, 31, false, null, null);
INSERT INTO public.employees (employee_id, full_name, position_id, phone, email, manager_id, department_id, deleted, deleted_at, category_parent_id) VALUES (126, 'Пак Валерия Викторовна', 119, null, null, null, 31, false, null, null);
INSERT INTO public.employees (employee_id, full_name, position_id, phone, email, manager_id, department_id, deleted, deleted_at, category_parent_id) VALUES (127, 'Пинчук Екатерина Сергеевна', 119, null, null, null, 31, false, null, null);
INSERT INTO public.employees (employee_id, full_name, position_id, phone, email, manager_id, department_id, deleted, deleted_at, category_parent_id) VALUES (128, 'Халикова Элеонора Шахруховна', 120, null, null, null, 31, false, null, null);
INSERT INTO public.employees (employee_id, full_name, position_id, phone, email, manager_id, department_id, deleted, deleted_at, category_parent_id) VALUES (129, 'Аркадьева Олеся Александровна', 120, null, null, null, 31, false, null, null);
INSERT INTO public.employees (employee_id, full_name, position_id, phone, email, manager_id, department_id, deleted, deleted_at, category_parent_id) VALUES (130, 'Филимонов Алексей Алексеевич', 75, null, null, 73, 26, false, null, null);
INSERT INTO public.position_department (position_link_id, position_id, department_id, sort, deleted, deleted_at, staff_units, current_count, vacancies) VALUES (52, 40, 21, 0, false, null, 0, 0, 1);
INSERT INTO public.position_department (position_link_id, position_id, department_id, sort, deleted, deleted_at, staff_units, current_count, vacancies) VALUES (54, 42, 21, 0, false, null, 1, 0, 1);
INSERT INTO public.position_department (position_link_id, position_id, department_id, sort, deleted, deleted_at, staff_units, current_count, vacancies) VALUES (55, 43, 21, 0, false, null, 0, 0, 1);
INSERT INTO public.position_department (position_link_id, position_id, department_id, sort, deleted, deleted_at, staff_units, current_count, vacancies) VALUES (56, 44, 23, 0, false, null, 0, 0, 1);
INSERT INTO public.position_department (position_link_id, position_id, department_id, sort, deleted, deleted_at, staff_units, current_count, vacancies) VALUES (57, 44, 24, 0, false, null, 0, 0, 1);
INSERT INTO public.position_department (position_link_id, position_id, department_id, sort, deleted, deleted_at, staff_units, current_count, vacancies) VALUES (60, 46, 23, 0, false, null, 0, 0, 1);
INSERT INTO public.position_department (position_link_id, position_id, department_id, sort, deleted, deleted_at, staff_units, current_count, vacancies) VALUES (61, 46, 24, 0, false, null, 0, 0, 1);
INSERT INTO public.position_department (position_link_id, position_id, department_id, sort, deleted, deleted_at, staff_units, current_count, vacancies) VALUES (58, 45, 23, 0, false, null, 0, 0, 2);
INSERT INTO public.position_department (position_link_id, position_id, department_id, sort, deleted, deleted_at, staff_units, current_count, vacancies) VALUES (59, 45, 24, 0, false, null, 0, 0, 2);
INSERT INTO public.position_department (position_link_id, position_id, department_id, sort, deleted, deleted_at, staff_units, current_count, vacancies) VALUES (64, 47, 23, 0, false, null, 0, 0, 3);
INSERT INTO public.position_department (position_link_id, position_id, department_id, sort, deleted, deleted_at, staff_units, current_count, vacancies) VALUES (65, 47, 24, 0, false, null, 0, 0, 4);
INSERT INTO public.position_department (position_link_id, position_id, department_id, sort, deleted, deleted_at, staff_units, current_count, vacancies) VALUES (66, 48, 23, 0, false, null, 0, 0, 3);
INSERT INTO public.position_department (position_link_id, position_id, department_id, sort, deleted, deleted_at, staff_units, current_count, vacancies) VALUES (67, 48, 24, 0, false, null, 0, 0, 2);
INSERT INTO public.position_department (position_link_id, position_id, department_id, sort, deleted, deleted_at, staff_units, current_count, vacancies) VALUES (69, 41, 24, 0, false, null, 0, 0, 13);
INSERT INTO public.position_department (position_link_id, position_id, department_id, sort, deleted, deleted_at, staff_units, current_count, vacancies) VALUES (70, 49, 23, 0, false, null, 0, 0, 3);
INSERT INTO public.position_department (position_link_id, position_id, department_id, sort, deleted, deleted_at, staff_units, current_count, vacancies) VALUES (68, 41, 23, 0, false, null, 0, 0, 7);
INSERT INTO public.position_department (position_link_id, position_id, department_id, sort, deleted, deleted_at, staff_units, current_count, vacancies) VALUES (71, 50, 21, 0, false, null, 0, 0, 1);
INSERT INTO public.position_department (position_link_id, position_id, department_id, sort, deleted, deleted_at, staff_units, current_count, vacancies) VALUES (72, 51, 21, 0, false, null, 0, 0, 1);
INSERT INTO public.position_department (position_link_id, position_id, department_id, sort, deleted, deleted_at, staff_units, current_count, vacancies) VALUES (73, 52, 21, 0, false, null, 0, 0, 1);
INSERT INTO public.position_department (position_link_id, position_id, department_id, sort, deleted, deleted_at, staff_units, current_count, vacancies) VALUES (74, 53, 21, 0, false, null, 0, 0, 1);
INSERT INTO public.position_department (position_link_id, position_id, department_id, sort, deleted, deleted_at, staff_units, current_count, vacancies) VALUES (75, 54, 30, 0, false, null, 0, 0, 1);
INSERT INTO public.position_department (position_link_id, position_id, department_id, sort, deleted, deleted_at, staff_units, current_count, vacancies) VALUES (76, 56, 33, 0, false, null, 0, 0, 1);
INSERT INTO public.position_department (position_link_id, position_id, department_id, sort, deleted, deleted_at, staff_units, current_count, vacancies) VALUES (78, 58, 33, 0, false, null, 0, 0, 1);
INSERT INTO public.position_department (position_link_id, position_id, department_id, sort, deleted, deleted_at, staff_units, current_count, vacancies) VALUES (79, 59, 33, 0, false, null, 0, 0, 1);
INSERT INTO public.position_department (position_link_id, position_id, department_id, sort, deleted, deleted_at, staff_units, current_count, vacancies) VALUES (81, 64, 33, 0, false, null, 0, 0, 1);
INSERT INTO public.position_department (position_link_id, position_id, department_id, sort, deleted, deleted_at, staff_units, current_count, vacancies) VALUES (82, 63, 33, 0, false, null, 0, 0, 1);
INSERT INTO public.position_department (position_link_id, position_id, department_id, sort, deleted, deleted_at, staff_units, current_count, vacancies) VALUES (83, 62, 33, 0, false, null, 0, 0, 1);
INSERT INTO public.position_department (position_link_id, position_id, department_id, sort, deleted, deleted_at, staff_units, current_count, vacancies) VALUES (84, 61, 33, 0, false, null, 0, 0, 1);
INSERT INTO public.position_department (position_link_id, position_id, department_id, sort, deleted, deleted_at, staff_units, current_count, vacancies) VALUES (80, 60, 33, 0, false, null, 0, 0, 2);
INSERT INTO public.position_department (position_link_id, position_id, department_id, sort, deleted, deleted_at, staff_units, current_count, vacancies) VALUES (85, 65, 32, 0, false, null, 0, 0, 1);
INSERT INTO public.position_department (position_link_id, position_id, department_id, sort, deleted, deleted_at, staff_units, current_count, vacancies) VALUES (86, 66, 32, 0, false, null, 0, 0, 4);
INSERT INTO public.position_department (position_link_id, position_id, department_id, sort, deleted, deleted_at, staff_units, current_count, vacancies) VALUES (87, 67, 32, 0, false, null, 0, 0, 4);
INSERT INTO public.position_department (position_link_id, position_id, department_id, sort, deleted, deleted_at, staff_units, current_count, vacancies) VALUES (88, 68, 32, 0, false, null, 0, 0, 2);
INSERT INTO public.position_department (position_link_id, position_id, department_id, sort, deleted, deleted_at, staff_units, current_count, vacancies) VALUES (89, 57, 33, 0, false, null, 0, 0, 1);
INSERT INTO public.position_department (position_link_id, position_id, department_id, sort, deleted, deleted_at, staff_units, current_count, vacancies) VALUES (51, 39, 21, 0, false, null, 0, 0, 1);
INSERT INTO public.position_department (position_link_id, position_id, department_id, sort, deleted, deleted_at, staff_units, current_count, vacancies) VALUES (90, 69, 25, 0, false, null, 0, 0, 1);
INSERT INTO public.position_department (position_link_id, position_id, department_id, sort, deleted, deleted_at, staff_units, current_count, vacancies) VALUES (91, 70, 25, 0, false, null, 0, 0, 2);
INSERT INTO public.position_department (position_link_id, position_id, department_id, sort, deleted, deleted_at, staff_units, current_count, vacancies) VALUES (92, 71, 25, 0, false, null, 0, 0, 1);
INSERT INTO public.position_department (position_link_id, position_id, department_id, sort, deleted, deleted_at, staff_units, current_count, vacancies) VALUES (93, 74, 25, 0, false, null, 0, 0, 5);
INSERT INTO public.position_department (position_link_id, position_id, department_id, sort, deleted, deleted_at, staff_units, current_count, vacancies) VALUES (94, 73, 25, 0, false, null, 0, 0, 1);
INSERT INTO public.position_department (position_link_id, position_id, department_id, sort, deleted, deleted_at, staff_units, current_count, vacancies) VALUES (95, 72, 25, 0, false, null, 0, 0, 2);
INSERT INTO public.position_department (position_link_id, position_id, department_id, sort, deleted, deleted_at, staff_units, current_count, vacancies) VALUES (98, 69, 26, 0, false, null, 0, 0, 2);
INSERT INTO public.position_department (position_link_id, position_id, department_id, sort, deleted, deleted_at, staff_units, current_count, vacancies) VALUES (101, 70, 26, 0, false, null, 0, 0, 2);
INSERT INTO public.position_department (position_link_id, position_id, department_id, sort, deleted, deleted_at, staff_units, current_count, vacancies) VALUES (102, 71, 26, 0, false, null, 0, 0, 3);
INSERT INTO public.position_department (position_link_id, position_id, department_id, sort, deleted, deleted_at, staff_units, current_count, vacancies) VALUES (103, 72, 26, 0, false, null, 0, 0, 3);
INSERT INTO public.position_department (position_link_id, position_id, department_id, sort, deleted, deleted_at, staff_units, current_count, vacancies) VALUES (104, 73, 26, 0, false, null, 0, 0, 3);
INSERT INTO public.position_department (position_link_id, position_id, department_id, sort, deleted, deleted_at, staff_units, current_count, vacancies) VALUES (106, 75, 26, 0, false, null, 0, 0, 4);
INSERT INTO public.position_department (position_link_id, position_id, department_id, sort, deleted, deleted_at, staff_units, current_count, vacancies) VALUES (107, 76, 26, 0, false, null, 0, 0, 1);
INSERT INTO public.position_department (position_link_id, position_id, department_id, sort, deleted, deleted_at, staff_units, current_count, vacancies) VALUES (108, 69, 27, 0, false, null, 0, 0, 1);
INSERT INTO public.position_department (position_link_id, position_id, department_id, sort, deleted, deleted_at, staff_units, current_count, vacancies) VALUES (110, 71, 27, 0, false, null, 0, 0, 5);
INSERT INTO public.position_department (position_link_id, position_id, department_id, sort, deleted, deleted_at, staff_units, current_count, vacancies) VALUES (111, 70, 27, 0, false, null, 0, 0, 3);
INSERT INTO public.position_department (position_link_id, position_id, department_id, sort, deleted, deleted_at, staff_units, current_count, vacancies) VALUES (112, 72, 27, 0, false, null, 0, 0, 3);
INSERT INTO public.position_department (position_link_id, position_id, department_id, sort, deleted, deleted_at, staff_units, current_count, vacancies) VALUES (113, 73, 27, 0, false, null, 0, 0, 3);
INSERT INTO public.position_department (position_link_id, position_id, department_id, sort, deleted, deleted_at, staff_units, current_count, vacancies) VALUES (114, 75, 27, 0, false, null, 0, 0, 1);
INSERT INTO public.position_department (position_link_id, position_id, department_id, sort, deleted, deleted_at, staff_units, current_count, vacancies) VALUES (115, 77, 27, 0, false, null, 0, 0, 2);
INSERT INTO public.position_department (position_link_id, position_id, department_id, sort, deleted, deleted_at, staff_units, current_count, vacancies) VALUES (116, 69, 28, 0, false, null, 0, 0, 1);
INSERT INTO public.position_department (position_link_id, position_id, department_id, sort, deleted, deleted_at, staff_units, current_count, vacancies) VALUES (117, 70, 28, 0, false, null, 0, 0, 2);
INSERT INTO public.position_department (position_link_id, position_id, department_id, sort, deleted, deleted_at, staff_units, current_count, vacancies) VALUES (118, 71, 28, 0, false, null, 0, 0, 3);
INSERT INTO public.position_department (position_link_id, position_id, department_id, sort, deleted, deleted_at, staff_units, current_count, vacancies) VALUES (119, 72, 28, 0, false, null, 0, 0, 2);
INSERT INTO public.position_department (position_link_id, position_id, department_id, sort, deleted, deleted_at, staff_units, current_count, vacancies) VALUES (120, 73, 28, 0, false, null, 0, 0, 2);
INSERT INTO public.position_department (position_link_id, position_id, department_id, sort, deleted, deleted_at, staff_units, current_count, vacancies) VALUES (121, 75, 28, 0, false, null, 0, 0, 1);
INSERT INTO public.position_department (position_link_id, position_id, department_id, sort, deleted, deleted_at, staff_units, current_count, vacancies) VALUES (122, 77, 28, 0, false, null, 0, 0, 1);
INSERT INTO public.position_department (position_link_id, position_id, department_id, sort, deleted, deleted_at, staff_units, current_count, vacancies) VALUES (123, 69, 29, 0, false, null, 0, 0, 2);
INSERT INTO public.position_department (position_link_id, position_id, department_id, sort, deleted, deleted_at, staff_units, current_count, vacancies) VALUES (124, 70, 29, 0, false, null, 0, 0, 1);
INSERT INTO public.position_department (position_link_id, position_id, department_id, sort, deleted, deleted_at, staff_units, current_count, vacancies) VALUES (125, 71, 29, 0, false, null, 0, 0, 2);
INSERT INTO public.position_department (position_link_id, position_id, department_id, sort, deleted, deleted_at, staff_units, current_count, vacancies) VALUES (126, 72, 29, 0, false, null, 0, 0, 3);
INSERT INTO public.position_department (position_link_id, position_id, department_id, sort, deleted, deleted_at, staff_units, current_count, vacancies) VALUES (127, 73, 29, 0, false, null, 0, 0, 1);
INSERT INTO public.position_department (position_link_id, position_id, department_id, sort, deleted, deleted_at, staff_units, current_count, vacancies) VALUES (128, 75, 29, 0, false, null, 0, 0, 2);
INSERT INTO public.position_department (position_link_id, position_id, department_id, sort, deleted, deleted_at, staff_units, current_count, vacancies) VALUES (129, 77, 29, 0, false, null, 0, 0, 2);
INSERT INTO public.position_department (position_link_id, position_id, department_id, sort, deleted, deleted_at, staff_units, current_count, vacancies) VALUES (130, 78, 29, 0, false, null, 0, 0, 2);
INSERT INTO public.position_department (position_link_id, position_id, department_id, sort, deleted, deleted_at, staff_units, current_count, vacancies) VALUES (133, 81, 30, 0, false, null, 0, 0, 1);
INSERT INTO public.position_department (position_link_id, position_id, department_id, sort, deleted, deleted_at, staff_units, current_count, vacancies) VALUES (135, 79, 30, 0, false, null, 0, 0, 1);
INSERT INTO public.position_department (position_link_id, position_id, department_id, sort, deleted, deleted_at, staff_units, current_count, vacancies) VALUES (136, 82, 30, 0, false, null, 0, 0, 1);
INSERT INTO public.position_department (position_link_id, position_id, department_id, sort, deleted, deleted_at, staff_units, current_count, vacancies) VALUES (137, 83, 30, 0, false, null, 0, 0, 1);
INSERT INTO public.position_department (position_link_id, position_id, department_id, sort, deleted, deleted_at, staff_units, current_count, vacancies) VALUES (165, 99, 30, 0, false, null, 0, 0, 1);
INSERT INTO public.position_department (position_link_id, position_id, department_id, sort, deleted, deleted_at, staff_units, current_count, vacancies) VALUES (170, 104, 30, 0, false, null, 0, 0, 1);
INSERT INTO public.position_department (position_link_id, position_id, department_id, sort, deleted, deleted_at, staff_units, current_count, vacancies) VALUES (171, 103, 30, 0, false, null, 0, 0, 1);
INSERT INTO public.position_department (position_link_id, position_id, department_id, sort, deleted, deleted_at, staff_units, current_count, vacancies) VALUES (173, 102, 30, 0, false, null, 0, 0, 1);
INSERT INTO public.position_department (position_link_id, position_id, department_id, sort, deleted, deleted_at, staff_units, current_count, vacancies) VALUES (174, 101, 30, 0, false, null, 0, 0, 1);
INSERT INTO public.position_department (position_link_id, position_id, department_id, sort, deleted, deleted_at, staff_units, current_count, vacancies) VALUES (180, 110, 31, 0, false, null, 0, 0, 2);
INSERT INTO public.position_department (position_link_id, position_id, department_id, sort, deleted, deleted_at, staff_units, current_count, vacancies) VALUES (134, 80, 30, 0, false, null, 0, 0, 11);
INSERT INTO public.position_department (position_link_id, position_id, department_id, sort, deleted, deleted_at, staff_units, current_count, vacancies) VALUES (160, 94, 30, 0, false, null, 0, 0, 4);
INSERT INTO public.position_department (position_link_id, position_id, department_id, sort, deleted, deleted_at, staff_units, current_count, vacancies) VALUES (161, 95, 30, 0, false, null, 0, 0, 2);
INSERT INTO public.position_department (position_link_id, position_id, department_id, sort, deleted, deleted_at, staff_units, current_count, vacancies) VALUES (162, 96, 30, 0, false, null, 0, 0, 7);
INSERT INTO public.position_department (position_link_id, position_id, department_id, sort, deleted, deleted_at, staff_units, current_count, vacancies) VALUES (163, 97, 30, 0, false, null, 0, 0, 3);
INSERT INTO public.position_department (position_link_id, position_id, department_id, sort, deleted, deleted_at, staff_units, current_count, vacancies) VALUES (164, 98, 30, 0, false, null, 0, 0, 2);
INSERT INTO public.position_department (position_link_id, position_id, department_id, sort, deleted, deleted_at, staff_units, current_count, vacancies) VALUES (172, 100, 30, 0, false, null, 0, 0, 2);
INSERT INTO public.position_department (position_link_id, position_id, department_id, sort, deleted, deleted_at, staff_units, current_count, vacancies) VALUES (169, 90, 30, 0, false, null, 0, 0, 12);
INSERT INTO public.position_department (position_link_id, position_id, department_id, sort, deleted, deleted_at, staff_units, current_count, vacancies) VALUES (168, 92, 30, 0, false, null, 0, 0, 3);
INSERT INTO public.position_department (position_link_id, position_id, department_id, sort, deleted, deleted_at, staff_units, current_count, vacancies) VALUES (167, 91, 30, 0, false, null, 0, 0, 11);
INSERT INTO public.position_department (position_link_id, position_id, department_id, sort, deleted, deleted_at, staff_units, current_count, vacancies) VALUES (166, 93, 30, 0, false, null, 0, 0, 4);
INSERT INTO public.position_department (position_link_id, position_id, department_id, sort, deleted, deleted_at, staff_units, current_count, vacancies) VALUES (175, 105, 30, 0, false, null, 0, 0, 6);
INSERT INTO public.position_department (position_link_id, position_id, department_id, sort, deleted, deleted_at, staff_units, current_count, vacancies) VALUES (176, 106, 31, 0, false, null, 0, 0, 1);
INSERT INTO public.position_department (position_link_id, position_id, department_id, sort, deleted, deleted_at, staff_units, current_count, vacancies) VALUES (177, 107, 31, 0, false, null, 0, 0, 1);
INSERT INTO public.position_department (position_link_id, position_id, department_id, sort, deleted, deleted_at, staff_units, current_count, vacancies) VALUES (178, 108, 31, 0, false, null, 0, 0, 1);
INSERT INTO public.position_department (position_link_id, position_id, department_id, sort, deleted, deleted_at, staff_units, current_count, vacancies) VALUES (179, 109, 31, 0, false, null, 0, 0, 1);
INSERT INTO public.position_department (position_link_id, position_id, department_id, sort, deleted, deleted_at, staff_units, current_count, vacancies) VALUES (181, 111, 31, 0, false, null, 0, 0, 3);
INSERT INTO public.position_department (position_link_id, position_id, department_id, sort, deleted, deleted_at, staff_units, current_count, vacancies) VALUES (182, 112, 31, 0, false, null, 0, 0, 4);
INSERT INTO public.position_department (position_link_id, position_id, department_id, sort, deleted, deleted_at, staff_units, current_count, vacancies) VALUES (183, 113, 31, 0, false, null, 0, 0, 1);
INSERT INTO public.position_department (position_link_id, position_id, department_id, sort, deleted, deleted_at, staff_units, current_count, vacancies) VALUES (184, 114, 31, 0, false, null, 0, 0, 3);
INSERT INTO public.position_department (position_link_id, position_id, department_id, sort, deleted, deleted_at, staff_units, current_count, vacancies) VALUES (185, 115, 31, 0, false, null, 0, 0, 3);
INSERT INTO public.position_department (position_link_id, position_id, department_id, sort, deleted, deleted_at, staff_units, current_count, vacancies) VALUES (186, 116, 31, 0, false, null, 0, 0, 4);
INSERT INTO public.position_department (position_link_id, position_id, department_id, sort, deleted, deleted_at, staff_units, current_count, vacancies) VALUES (187, 117, 31, 0, false, null, 0, 0, 5);
INSERT INTO public.position_department (position_link_id, position_id, department_id, sort, deleted, deleted_at, staff_units, current_count, vacancies) VALUES (188, 118, 31, 0, false, null, 0, 0, 1);
INSERT INTO public.position_department (position_link_id, position_id, department_id, sort, deleted, deleted_at, staff_units, current_count, vacancies) VALUES (189, 119, 31, 0, false, null, 0, 0, 3);
INSERT INTO public.position_department (position_link_id, position_id, department_id, sort, deleted, deleted_at, staff_units, current_count, vacancies) VALUES (190, 120, 31, 0, false, null, 0, 0, 2);
INSERT INTO public.position_department (position_link_id, position_id, department_id, sort, deleted, deleted_at, staff_units, current_count, vacancies) VALUES (191, 125, 21, 0, false, null, 0, 0, 1);
INSERT INTO public.position_position (position_relation_id, position_id, parent_position_id, department_id, sort, created_at, updated_at, deleted, deleted_at) VALUES (15, 43, 39, 21, null, '2025-05-02 16:02:57.987649 +00:00', '2025-05-02 16:02:57.987649 +00:00', false, null);
INSERT INTO public.position_position (position_relation_id, position_id, parent_position_id, department_id, sort, created_at, updated_at, deleted, deleted_at) VALUES (16, 45, 44, 23, null, '2025-05-02 17:45:07.216560 +00:00', '2025-05-02 17:45:07.216560 +00:00', false, null);
INSERT INTO public.position_position (position_relation_id, position_id, parent_position_id, department_id, sort, created_at, updated_at, deleted, deleted_at) VALUES (17, 45, 44, 24, null, '2025-05-02 17:45:14.827438 +00:00', '2025-05-02 17:45:14.827438 +00:00', false, null);
INSERT INTO public.position_position (position_relation_id, position_id, parent_position_id, department_id, sort, created_at, updated_at, deleted, deleted_at) VALUES (18, 46, 44, 23, null, '2025-05-03 08:39:16.125723 +00:00', '2025-05-03 08:39:16.125723 +00:00', false, null);
INSERT INTO public.position_position (position_relation_id, position_id, parent_position_id, department_id, sort, created_at, updated_at, deleted, deleted_at) VALUES (19, 46, 44, 24, null, '2025-05-03 08:39:23.693913 +00:00', '2025-05-03 08:39:23.693913 +00:00', false, null);
INSERT INTO public.position_position (position_relation_id, position_id, parent_position_id, department_id, sort, created_at, updated_at, deleted, deleted_at) VALUES (20, 47, 44, 23, null, '2025-05-03 08:53:43.261121 +00:00', '2025-05-03 08:53:43.261121 +00:00', false, null);
INSERT INTO public.position_position (position_relation_id, position_id, parent_position_id, department_id, sort, created_at, updated_at, deleted, deleted_at) VALUES (21, 47, 44, 24, null, '2025-05-03 08:53:54.785652 +00:00', '2025-05-03 08:53:54.785652 +00:00', false, null);
INSERT INTO public.position_position (position_relation_id, position_id, parent_position_id, department_id, sort, created_at, updated_at, deleted, deleted_at) VALUES (22, 48, 44, 23, null, '2025-05-03 09:05:31.042169 +00:00', '2025-05-03 09:05:31.042169 +00:00', false, null);
INSERT INTO public.position_position (position_relation_id, position_id, parent_position_id, department_id, sort, created_at, updated_at, deleted, deleted_at) VALUES (23, 48, 44, 24, null, '2025-05-03 09:05:50.772632 +00:00', '2025-05-03 09:05:50.772632 +00:00', false, null);
INSERT INTO public.position_position (position_relation_id, position_id, parent_position_id, department_id, sort, created_at, updated_at, deleted, deleted_at) VALUES (24, 41, 44, 23, null, '2025-05-03 09:11:34.005764 +00:00', '2025-05-03 09:11:34.005764 +00:00', false, null);
INSERT INTO public.position_position (position_relation_id, position_id, parent_position_id, department_id, sort, created_at, updated_at, deleted, deleted_at) VALUES (25, 41, 44, 24, null, '2025-05-03 09:13:09.338969 +00:00', '2025-05-03 09:13:09.338969 +00:00', false, null);
INSERT INTO public.position_position (position_relation_id, position_id, parent_position_id, department_id, sort, created_at, updated_at, deleted, deleted_at) VALUES (26, 49, 44, 23, null, '2025-05-03 09:25:34.047093 +00:00', '2025-05-03 09:25:34.047093 +00:00', false, null);
INSERT INTO public.position_position (position_relation_id, position_id, parent_position_id, department_id, sort, created_at, updated_at, deleted, deleted_at) VALUES (27, 50, 43, 21, null, '2025-05-03 09:30:36.820582 +00:00', '2025-05-03 09:30:36.820582 +00:00', false, null);
INSERT INTO public.position_position (position_relation_id, position_id, parent_position_id, department_id, sort, created_at, updated_at, deleted, deleted_at) VALUES (28, 51, 43, 21, null, '2025-05-03 09:31:35.735612 +00:00', '2025-05-03 09:31:35.735612 +00:00', false, null);
INSERT INTO public.position_position (position_relation_id, position_id, parent_position_id, department_id, sort, created_at, updated_at, deleted, deleted_at) VALUES (29, 52, 43, 21, null, '2025-05-03 09:32:07.992658 +00:00', '2025-05-03 09:32:07.992658 +00:00', false, null);
INSERT INTO public.position_position (position_relation_id, position_id, parent_position_id, department_id, sort, created_at, updated_at, deleted, deleted_at) VALUES (30, 53, 43, 21, null, '2025-05-03 09:32:34.735864 +00:00', '2025-05-03 09:32:34.735864 +00:00', false, null);
INSERT INTO public.position_position (position_relation_id, position_id, parent_position_id, department_id, sort, created_at, updated_at, deleted, deleted_at) VALUES (31, 66, 65, 32, null, '2025-05-03 10:01:01.319970 +00:00', '2025-05-03 10:01:01.319970 +00:00', false, null);
INSERT INTO public.position_position (position_relation_id, position_id, parent_position_id, department_id, sort, created_at, updated_at, deleted, deleted_at) VALUES (32, 67, 65, 32, null, '2025-05-03 10:01:23.499397 +00:00', '2025-05-03 10:01:23.499397 +00:00', false, null);
INSERT INTO public.position_position (position_relation_id, position_id, parent_position_id, department_id, sort, created_at, updated_at, deleted, deleted_at) VALUES (33, 68, 65, 32, null, '2025-05-03 10:01:37.709655 +00:00', '2025-05-03 10:01:37.709655 +00:00', false, null);
INSERT INTO public.position_position (position_relation_id, position_id, parent_position_id, department_id, sort, created_at, updated_at, deleted, deleted_at) VALUES (34, 57, 56, 33, null, '2025-05-03 10:03:05.226585 +00:00', '2025-05-03 10:03:05.226585 +00:00', false, null);
INSERT INTO public.position_position (position_relation_id, position_id, parent_position_id, department_id, sort, created_at, updated_at, deleted, deleted_at) VALUES (35, 70, 69, 26, null, '2025-05-04 22:11:39.335914 +00:00', '2025-05-04 22:11:39.335914 +00:00', false, null);
INSERT INTO public.position_position (position_relation_id, position_id, parent_position_id, department_id, sort, created_at, updated_at, deleted, deleted_at) VALUES (36, 71, 69, 26, null, '2025-05-04 22:11:52.009142 +00:00', '2025-05-04 22:11:52.009142 +00:00', false, null);
INSERT INTO public.position_position (position_relation_id, position_id, parent_position_id, department_id, sort, created_at, updated_at, deleted, deleted_at) VALUES (37, 72, 69, 26, null, '2025-05-04 22:12:08.888426 +00:00', '2025-05-04 22:12:08.888426 +00:00', false, null);
INSERT INTO public.position_position (position_relation_id, position_id, parent_position_id, department_id, sort, created_at, updated_at, deleted, deleted_at) VALUES (38, 73, 69, 26, null, '2025-05-04 22:12:18.468362 +00:00', '2025-05-04 22:12:18.468362 +00:00', false, null);
INSERT INTO public.position_position (position_relation_id, position_id, parent_position_id, department_id, sort, created_at, updated_at, deleted, deleted_at) VALUES (39, 75, 69, 26, null, '2025-05-04 22:13:47.092749 +00:00', '2025-05-04 22:13:47.092749 +00:00', false, null);
INSERT INTO public.position_position (position_relation_id, position_id, parent_position_id, department_id, sort, created_at, updated_at, deleted, deleted_at) VALUES (40, 76, 69, 26, null, '2025-05-04 22:14:02.456516 +00:00', '2025-05-04 22:14:02.456516 +00:00', false, null);
INSERT INTO public.position_position (position_relation_id, position_id, parent_position_id, department_id, sort, created_at, updated_at, deleted, deleted_at) VALUES (41, 71, 69, 27, null, '2025-05-04 22:17:29.817671 +00:00', '2025-05-04 22:17:29.817671 +00:00', false, null);
INSERT INTO public.position_position (position_relation_id, position_id, parent_position_id, department_id, sort, created_at, updated_at, deleted, deleted_at) VALUES (42, 70, 69, 27, null, '2025-05-04 22:17:41.590679 +00:00', '2025-05-04 22:17:41.590679 +00:00', false, null);
INSERT INTO public.position_position (position_relation_id, position_id, parent_position_id, department_id, sort, created_at, updated_at, deleted, deleted_at) VALUES (43, 72, 69, 27, null, '2025-05-04 22:18:07.081169 +00:00', '2025-05-04 22:18:07.081169 +00:00', false, null);
INSERT INTO public.position_position (position_relation_id, position_id, parent_position_id, department_id, sort, created_at, updated_at, deleted, deleted_at) VALUES (44, 73, 69, 27, null, '2025-05-04 22:18:20.808417 +00:00', '2025-05-04 22:18:20.808417 +00:00', false, null);
INSERT INTO public.position_position (position_relation_id, position_id, parent_position_id, department_id, sort, created_at, updated_at, deleted, deleted_at) VALUES (45, 75, 69, 27, null, '2025-05-04 22:18:36.603745 +00:00', '2025-05-04 22:18:36.603745 +00:00', false, null);
INSERT INTO public.position_position (position_relation_id, position_id, parent_position_id, department_id, sort, created_at, updated_at, deleted, deleted_at) VALUES (46, 77, 69, 27, null, '2025-05-04 22:18:50.558863 +00:00', '2025-05-04 22:18:50.558863 +00:00', false, null);
INSERT INTO public.position_position (position_relation_id, position_id, parent_position_id, department_id, sort, created_at, updated_at, deleted, deleted_at) VALUES (47, 70, 69, 28, null, '2025-05-04 22:21:27.704023 +00:00', '2025-05-04 22:21:27.704023 +00:00', false, null);
INSERT INTO public.position_position (position_relation_id, position_id, parent_position_id, department_id, sort, created_at, updated_at, deleted, deleted_at) VALUES (48, 71, 69, 28, null, '2025-05-04 22:21:42.429567 +00:00', '2025-05-04 22:21:42.429567 +00:00', false, null);
INSERT INTO public.position_position (position_relation_id, position_id, parent_position_id, department_id, sort, created_at, updated_at, deleted, deleted_at) VALUES (49, 72, 69, 28, null, '2025-05-04 22:22:06.878976 +00:00', '2025-05-04 22:22:06.878976 +00:00', false, null);
INSERT INTO public.position_position (position_relation_id, position_id, parent_position_id, department_id, sort, created_at, updated_at, deleted, deleted_at) VALUES (50, 73, 69, 28, null, '2025-05-04 22:22:22.222901 +00:00', '2025-05-04 22:22:22.222901 +00:00', false, null);
INSERT INTO public.position_position (position_relation_id, position_id, parent_position_id, department_id, sort, created_at, updated_at, deleted, deleted_at) VALUES (51, 75, 69, 28, null, '2025-05-04 22:22:32.622221 +00:00', '2025-05-04 22:22:32.622221 +00:00', false, null);
INSERT INTO public.position_position (position_relation_id, position_id, parent_position_id, department_id, sort, created_at, updated_at, deleted, deleted_at) VALUES (52, 77, 69, 28, null, '2025-05-04 22:22:43.968587 +00:00', '2025-05-04 22:22:43.968587 +00:00', false, null);
INSERT INTO public.position_position (position_relation_id, position_id, parent_position_id, department_id, sort, created_at, updated_at, deleted, deleted_at) VALUES (53, 70, 69, 29, null, '2025-05-04 22:24:52.772780 +00:00', '2025-05-04 22:24:52.772780 +00:00', false, null);
INSERT INTO public.position_position (position_relation_id, position_id, parent_position_id, department_id, sort, created_at, updated_at, deleted, deleted_at) VALUES (54, 71, 69, 29, null, '2025-05-04 22:25:14.929075 +00:00', '2025-05-04 22:25:14.929075 +00:00', false, null);
INSERT INTO public.position_position (position_relation_id, position_id, parent_position_id, department_id, sort, created_at, updated_at, deleted, deleted_at) VALUES (55, 72, 69, 29, null, '2025-05-04 22:25:29.984018 +00:00', '2025-05-04 22:25:29.984018 +00:00', false, null);
INSERT INTO public.position_position (position_relation_id, position_id, parent_position_id, department_id, sort, created_at, updated_at, deleted, deleted_at) VALUES (56, 73, 69, 29, null, '2025-05-04 22:25:43.800011 +00:00', '2025-05-04 22:25:43.800011 +00:00', false, null);
INSERT INTO public.position_position (position_relation_id, position_id, parent_position_id, department_id, sort, created_at, updated_at, deleted, deleted_at) VALUES (57, 75, 69, 29, null, '2025-05-04 22:25:57.391485 +00:00', '2025-05-04 22:25:57.391485 +00:00', false, null);
INSERT INTO public.position_position (position_relation_id, position_id, parent_position_id, department_id, sort, created_at, updated_at, deleted, deleted_at) VALUES (58, 77, 69, 29, null, '2025-05-04 22:26:11.742372 +00:00', '2025-05-04 22:26:11.742372 +00:00', false, null);
INSERT INTO public.position_position (position_relation_id, position_id, parent_position_id, department_id, sort, created_at, updated_at, deleted, deleted_at) VALUES (59, 78, 69, 29, null, '2025-05-04 22:26:23.934023 +00:00', '2025-05-04 22:26:23.934023 +00:00', false, null);
INSERT INTO public.position_position (position_relation_id, position_id, parent_position_id, department_id, sort, created_at, updated_at, deleted, deleted_at) VALUES (60, 81, 54, 30, null, '2025-05-04 22:37:04.812661 +00:00', '2025-05-04 22:37:04.812661 +00:00', false, null);
INSERT INTO public.position_position (position_relation_id, position_id, parent_position_id, department_id, sort, created_at, updated_at, deleted, deleted_at) VALUES (61, 80, 54, 30, null, '2025-05-04 22:37:22.277064 +00:00', '2025-05-04 22:37:22.277064 +00:00', false, null);
INSERT INTO public.position_position (position_relation_id, position_id, parent_position_id, department_id, sort, created_at, updated_at, deleted, deleted_at) VALUES (62, 79, 54, 30, null, '2025-05-04 22:37:41.613471 +00:00', '2025-05-04 22:37:41.613471 +00:00', false, null);
INSERT INTO public.position_position (position_relation_id, position_id, parent_position_id, department_id, sort, created_at, updated_at, deleted, deleted_at) VALUES (63, 82, 54, 30, null, '2025-05-04 22:37:53.962867 +00:00', '2025-05-04 22:37:53.962867 +00:00', false, null);
INSERT INTO public.position_position (position_relation_id, position_id, parent_position_id, department_id, sort, created_at, updated_at, deleted, deleted_at) VALUES (64, 83, 54, 30, null, '2025-05-04 22:38:06.479205 +00:00', '2025-05-04 22:38:06.479205 +00:00', false, null);
INSERT INTO public.position_position (position_relation_id, position_id, parent_position_id, department_id, sort, created_at, updated_at, deleted, deleted_at) VALUES (81, 84, 81, 30, null, '2025-05-05 00:55:27.709389 +00:00', '2025-05-05 00:55:27.709389 +00:00', false, null);
INSERT INTO public.position_position (position_relation_id, position_id, parent_position_id, department_id, sort, created_at, updated_at, deleted, deleted_at) VALUES (82, 85, 81, 30, null, '2025-05-05 00:56:14.755831 +00:00', '2025-05-05 00:56:14.755831 +00:00', false, null);
INSERT INTO public.position_position (position_relation_id, position_id, parent_position_id, department_id, sort, created_at, updated_at, deleted, deleted_at) VALUES (83, 84, 79, 30, null, '2025-05-05 01:03:36.902336 +00:00', '2025-05-05 01:03:36.902336 +00:00', false, null);
INSERT INTO public.position_position (position_relation_id, position_id, parent_position_id, department_id, sort, created_at, updated_at, deleted, deleted_at) VALUES (84, 84, 82, 30, null, '2025-05-05 01:03:56.437478 +00:00', '2025-05-05 01:03:56.437478 +00:00', false, null);
INSERT INTO public.position_position (position_relation_id, position_id, parent_position_id, department_id, sort, created_at, updated_at, deleted, deleted_at) VALUES (85, 84, 83, 30, null, '2025-05-05 01:04:05.773758 +00:00', '2025-05-05 01:04:05.773758 +00:00', false, null);
INSERT INTO public.position_position (position_relation_id, position_id, parent_position_id, department_id, sort, created_at, updated_at, deleted, deleted_at) VALUES (87, 94, 54, 30, null, '2025-05-05 01:13:24.317057 +00:00', '2025-05-05 01:13:24.317057 +00:00', false, null);
INSERT INTO public.position_position (position_relation_id, position_id, parent_position_id, department_id, sort, created_at, updated_at, deleted, deleted_at) VALUES (88, 95, 54, 30, null, '2025-05-05 01:13:32.723086 +00:00', '2025-05-05 01:13:32.723086 +00:00', false, null);
INSERT INTO public.position_position (position_relation_id, position_id, parent_position_id, department_id, sort, created_at, updated_at, deleted, deleted_at) VALUES (89, 96, 54, 30, null, '2025-05-05 01:13:39.466678 +00:00', '2025-05-05 01:13:39.466678 +00:00', false, null);
INSERT INTO public.position_position (position_relation_id, position_id, parent_position_id, department_id, sort, created_at, updated_at, deleted, deleted_at) VALUES (90, 97, 54, 30, null, '2025-05-05 01:13:46.170505 +00:00', '2025-05-05 01:13:46.170505 +00:00', false, null);
INSERT INTO public.position_position (position_relation_id, position_id, parent_position_id, department_id, sort, created_at, updated_at, deleted, deleted_at) VALUES (91, 98, 54, 30, null, '2025-05-05 01:13:53.707726 +00:00', '2025-05-05 01:13:53.707726 +00:00', false, null);
INSERT INTO public.position_position (position_relation_id, position_id, parent_position_id, department_id, sort, created_at, updated_at, deleted, deleted_at) VALUES (92, 99, 54, 30, null, '2025-05-05 01:14:02.322388 +00:00', '2025-05-05 01:14:02.322388 +00:00', false, null);
INSERT INTO public.position_position (position_relation_id, position_id, parent_position_id, department_id, sort, created_at, updated_at, deleted, deleted_at) VALUES (93, 93, 54, 30, null, '2025-05-05 01:14:13.813203 +00:00', '2025-05-05 01:14:13.813203 +00:00', false, null);
INSERT INTO public.position_position (position_relation_id, position_id, parent_position_id, department_id, sort, created_at, updated_at, deleted, deleted_at) VALUES (94, 91, 54, 30, null, '2025-05-05 01:14:21.595401 +00:00', '2025-05-05 01:14:21.595401 +00:00', false, null);
INSERT INTO public.position_position (position_relation_id, position_id, parent_position_id, department_id, sort, created_at, updated_at, deleted, deleted_at) VALUES (95, 92, 54, 30, null, '2025-05-05 01:14:27.755572 +00:00', '2025-05-05 01:14:27.755572 +00:00', false, null);
INSERT INTO public.position_position (position_relation_id, position_id, parent_position_id, department_id, sort, created_at, updated_at, deleted, deleted_at) VALUES (96, 90, 54, 30, null, '2025-05-05 01:14:34.489668 +00:00', '2025-05-05 01:14:34.489668 +00:00', false, null);
INSERT INTO public.position_position (position_relation_id, position_id, parent_position_id, department_id, sort, created_at, updated_at, deleted, deleted_at) VALUES (97, 104, 54, 30, null, '2025-05-05 01:14:39.867056 +00:00', '2025-05-05 01:14:39.867056 +00:00', false, null);
INSERT INTO public.position_position (position_relation_id, position_id, parent_position_id, department_id, sort, created_at, updated_at, deleted, deleted_at) VALUES (98, 103, 54, 30, null, '2025-05-05 01:14:46.594245 +00:00', '2025-05-05 01:14:46.594245 +00:00', false, null);
INSERT INTO public.position_position (position_relation_id, position_id, parent_position_id, department_id, sort, created_at, updated_at, deleted, deleted_at) VALUES (99, 100, 54, 30, null, '2025-05-05 01:14:54.692782 +00:00', '2025-05-05 01:14:54.692782 +00:00', false, null);
INSERT INTO public.position_position (position_relation_id, position_id, parent_position_id, department_id, sort, created_at, updated_at, deleted, deleted_at) VALUES (100, 102, 54, 30, null, '2025-05-05 01:15:01.475243 +00:00', '2025-05-05 01:15:01.475243 +00:00', false, null);
INSERT INTO public.position_position (position_relation_id, position_id, parent_position_id, department_id, sort, created_at, updated_at, deleted, deleted_at) VALUES (101, 101, 54, 30, null, '2025-05-05 01:15:08.732347 +00:00', '2025-05-05 01:15:08.732347 +00:00', false, null);
INSERT INTO public.position_position (position_relation_id, position_id, parent_position_id, department_id, sort, created_at, updated_at, deleted, deleted_at) VALUES (102, 105, 54, 30, null, '2025-05-05 01:20:37.449776 +00:00', '2025-05-05 01:20:37.449776 +00:00', false, null);
INSERT INTO public.position_position (position_relation_id, position_id, parent_position_id, department_id, sort, created_at, updated_at, deleted, deleted_at) VALUES (103, 107, 106, 31, null, '2025-05-05 06:35:05.333506 +00:00', '2025-05-05 06:35:05.333506 +00:00', false, null);
INSERT INTO public.position_position (position_relation_id, position_id, parent_position_id, department_id, sort, created_at, updated_at, deleted, deleted_at) VALUES (104, 108, 107, 31, null, '2025-05-05 06:35:15.394950 +00:00', '2025-05-05 06:35:15.394950 +00:00', false, null);
INSERT INTO public.position_position (position_relation_id, position_id, parent_position_id, department_id, sort, created_at, updated_at, deleted, deleted_at) VALUES (105, 109, 107, 31, null, '2025-05-05 06:35:26.740697 +00:00', '2025-05-05 06:35:26.740697 +00:00', false, null);
INSERT INTO public.position_position (position_relation_id, position_id, parent_position_id, department_id, sort, created_at, updated_at, deleted, deleted_at) VALUES (106, 110, 107, 31, null, '2025-05-05 06:35:40.533908 +00:00', '2025-05-05 06:35:40.533908 +00:00', false, null);
INSERT INTO public.position_position (position_relation_id, position_id, parent_position_id, department_id, sort, created_at, updated_at, deleted, deleted_at) VALUES (107, 111, 107, 31, null, '2025-05-05 06:35:51.717673 +00:00', '2025-05-05 06:35:51.717673 +00:00', false, null);
INSERT INTO public.position_position (position_relation_id, position_id, parent_position_id, department_id, sort, created_at, updated_at, deleted, deleted_at) VALUES (108, 112, 107, 31, null, '2025-05-05 06:36:04.276304 +00:00', '2025-05-05 06:36:04.276304 +00:00', false, null);
INSERT INTO public.position_position (position_relation_id, position_id, parent_position_id, department_id, sort, created_at, updated_at, deleted, deleted_at) VALUES (109, 113, 107, 31, null, '2025-05-05 06:36:17.451825 +00:00', '2025-05-05 06:36:17.451825 +00:00', false, null);
INSERT INTO public.position_position (position_relation_id, position_id, parent_position_id, department_id, sort, created_at, updated_at, deleted, deleted_at) VALUES (110, 114, 107, 31, null, '2025-05-05 06:36:30.610733 +00:00', '2025-05-05 06:36:30.610733 +00:00', false, null);
INSERT INTO public.position_position (position_relation_id, position_id, parent_position_id, department_id, sort, created_at, updated_at, deleted, deleted_at) VALUES (111, 115, 107, 31, null, '2025-05-05 06:36:47.091124 +00:00', '2025-05-05 06:36:47.091124 +00:00', false, null);
INSERT INTO public.position_position (position_relation_id, position_id, parent_position_id, department_id, sort, created_at, updated_at, deleted, deleted_at) VALUES (112, 116, 107, 31, null, '2025-05-05 06:36:58.363919 +00:00', '2025-05-05 06:36:58.363919 +00:00', false, null);
INSERT INTO public.position_position (position_relation_id, position_id, parent_position_id, department_id, sort, created_at, updated_at, deleted, deleted_at) VALUES (113, 117, 107, 31, null, '2025-05-05 06:37:13.955864 +00:00', '2025-05-05 06:37:13.955864 +00:00', false, null);
INSERT INTO public.position_position (position_relation_id, position_id, parent_position_id, department_id, sort, created_at, updated_at, deleted, deleted_at) VALUES (114, 118, 107, 31, null, '2025-05-05 06:37:28.745988 +00:00', '2025-05-05 06:37:28.745988 +00:00', false, null);
INSERT INTO public.position_position (position_relation_id, position_id, parent_position_id, department_id, sort, created_at, updated_at, deleted, deleted_at) VALUES (115, 119, 107, 31, null, '2025-05-05 06:37:43.986340 +00:00', '2025-05-05 06:37:43.986340 +00:00', false, null);
INSERT INTO public.position_position (position_relation_id, position_id, parent_position_id, department_id, sort, created_at, updated_at, deleted, deleted_at) VALUES (116, 120, 107, 31, null, '2025-05-05 06:37:57.571035 +00:00', '2025-05-05 06:37:57.571035 +00:00', false, null);
INSERT INTO public.positions (position_id, name, staff_units, current_count, vacancies, sort, deleted, deleted_at, is_category) VALUES (39, 'Заместитель руководителя департамента', 0, 0, 0, 0, false, null, false);
INSERT INTO public.positions (position_id, name, staff_units, current_count, vacancies, sort, deleted, deleted_at, is_category) VALUES (40, 'Главный эксперт', 0, 0, 0, 0, false, null, false);
INSERT INTO public.positions (position_id, name, staff_units, current_count, vacancies, sort, deleted, deleted_at, is_category) VALUES (41, 'Главный специалист', 0, 0, 0, 0, false, null, false);
INSERT INTO public.positions (position_id, name, staff_units, current_count, vacancies, sort, deleted, deleted_at, is_category) VALUES (43, 'Генеральный директор', 0, 0, 0, 0, false, null, false);
INSERT INTO public.positions (position_id, name, staff_units, current_count, vacancies, sort, deleted, deleted_at, is_category) VALUES (44, 'Начальник управления', 0, 0, 0, 0, false, null, false);
INSERT INTO public.positions (position_id, name, staff_units, current_count, vacancies, sort, deleted, deleted_at, is_category) VALUES (45, 'Заместитель начальника управления', 0, 0, 0, 0, false, null, false);
INSERT INTO public.positions (position_id, name, staff_units, current_count, vacancies, sort, deleted, deleted_at, is_category) VALUES (46, 'Руководитель проекта', 0, 0, 0, 0, false, null, false);
INSERT INTO public.positions (position_id, name, staff_units, current_count, vacancies, sort, deleted, deleted_at, is_category) VALUES (47, 'Администратор проекта', 0, 0, 0, 0, false, null, false);
INSERT INTO public.positions (position_id, name, staff_units, current_count, vacancies, sort, deleted, deleted_at, is_category) VALUES (48, 'Главный эксперт', 0, 0, 0, 0, false, null, false);
INSERT INTO public.positions (position_id, name, staff_units, current_count, vacancies, sort, deleted, deleted_at, is_category) VALUES (50, 'Заместитель генерального директора по координации реализации планов ОИВ', 0, 0, 0, 0, false, null, false);
INSERT INTO public.positions (position_id, name, staff_units, current_count, vacancies, sort, deleted, deleted_at, is_category) VALUES (51, 'Заместитель генерального директора по координации аналитики', 0, 0, 0, 0, false, null, false);
INSERT INTO public.positions (position_id, name, staff_units, current_count, vacancies, sort, deleted, deleted_at, is_category) VALUES (52, 'Заместитель генерального директора по координации разработки', 0, 0, 0, 0, false, null, false);
INSERT INTO public.positions (position_id, name, staff_units, current_count, vacancies, sort, deleted, deleted_at, is_category) VALUES (53, 'Исполнительный директор', 0, 0, 0, 0, false, null, false);
INSERT INTO public.positions (position_id, name, staff_units, current_count, vacancies, sort, deleted, deleted_at, is_category) VALUES (54, 'Начальник отдела (Руководитель команды)', 0, 0, 0, 0, false, null, false);
INSERT INTO public.positions (position_id, name, staff_units, current_count, vacancies, sort, deleted, deleted_at, is_category) VALUES (56, 'Главный бухгалтер', 0, 0, 0, 0, false, null, false);
INSERT INTO public.positions (position_id, name, staff_units, current_count, vacancies, sort, deleted, deleted_at, is_category) VALUES (57, 'Специалист по бухгалтерскому учету и отчетности ', 0, 0, 0, 0, false, null, false);
INSERT INTO public.positions (position_id, name, staff_units, current_count, vacancies, sort, deleted, deleted_at, is_category) VALUES (58, 'Специалист по охране труда', 0, 0, 0, 0, false, null, false);
INSERT INTO public.positions (position_id, name, staff_units, current_count, vacancies, sort, deleted, deleted_at, is_category) VALUES (59, 'Специалист по административно-хозяйственному обеспечению', 0, 0, 0, 0, false, null, false);
INSERT INTO public.positions (position_id, name, staff_units, current_count, vacancies, sort, deleted, deleted_at, is_category) VALUES (60, 'Специалист по подбору персонала', 0, 0, 0, 0, false, null, false);
INSERT INTO public.positions (position_id, name, staff_units, current_count, vacancies, sort, deleted, deleted_at, is_category) VALUES (61, 'Руководитель направления закупочной деятельности', 0, 0, 0, 0, false, null, false);
INSERT INTO public.positions (position_id, name, staff_units, current_count, vacancies, sort, deleted, deleted_at, is_category) VALUES (62, 'Руководитель направления кадрового администрирования', 0, 0, 0, 0, false, null, false);
INSERT INTO public.positions (position_id, name, staff_units, current_count, vacancies, sort, deleted, deleted_at, is_category) VALUES (63, 'Руководитель направления правового обеспечения', 0, 0, 0, 0, false, null, false);
INSERT INTO public.positions (position_id, name, staff_units, current_count, vacancies, sort, deleted, deleted_at, is_category) VALUES (64, 'Юрист', 0, 0, 0, 0, false, null, false);
INSERT INTO public.positions (position_id, name, staff_units, current_count, vacancies, sort, deleted, deleted_at, is_category) VALUES (65, 'Руководитель отдела тестирования', 0, 0, 0, 0, false, null, false);
INSERT INTO public.positions (position_id, name, staff_units, current_count, vacancies, sort, deleted, deleted_at, is_category) VALUES (66, 'Главный тестировщик', 0, 0, 0, 0, false, null, false);
INSERT INTO public.positions (position_id, name, staff_units, current_count, vacancies, sort, deleted, deleted_at, is_category) VALUES (67, 'Ведущий тестировщик', 0, 0, 0, 0, false, null, false);
INSERT INTO public.positions (position_id, name, staff_units, current_count, vacancies, sort, deleted, deleted_at, is_category) VALUES (68, 'Тестировщик', 0, 0, 0, 0, false, null, false);
INSERT INTO public.positions (position_id, name, staff_units, current_count, vacancies, sort, deleted, deleted_at, is_category) VALUES (69, 'Руководитель проекта', 0, 0, 0, 0, false, null, false);
INSERT INTO public.positions (position_id, name, staff_units, current_count, vacancies, sort, deleted, deleted_at, is_category) VALUES (70, 'Заместитель руководителя ', 0, 0, 0, 0, false, null, false);
INSERT INTO public.positions (position_id, name, staff_units, current_count, vacancies, sort, deleted, deleted_at, is_category) VALUES (71, 'Главный аналитик', 0, 0, 0, 0, false, null, false);
INSERT INTO public.positions (position_id, name, staff_units, current_count, vacancies, sort, deleted, deleted_at, is_category) VALUES (72, 'Ведущий аналитик', 0, 0, 0, 0, false, null, false);
INSERT INTO public.positions (position_id, name, staff_units, current_count, vacancies, sort, deleted, deleted_at, is_category) VALUES (73, 'Старший аналитик', 0, 0, 0, 0, false, null, false);
INSERT INTO public.positions (position_id, name, staff_units, current_count, vacancies, sort, deleted, deleted_at, is_category) VALUES (74, 'Администратор', 0, 0, 0, 0, false, null, false);
INSERT INTO public.positions (position_id, name, staff_units, current_count, vacancies, sort, deleted, deleted_at, is_category) VALUES (75, 'Аналитик', 0, 0, 0, 0, false, null, false);
INSERT INTO public.positions (position_id, name, staff_units, current_count, vacancies, sort, deleted, deleted_at, is_category) VALUES (49, 'Ведущий специалист', 0, 0, 0, 0, false, null, false);
INSERT INTO public.positions (position_id, name, staff_units, current_count, vacancies, sort, deleted, deleted_at, is_category) VALUES (76, 'Ведущий аналитик СУИД', 0, 0, 0, 0, false, null, false);
INSERT INTO public.positions (position_id, name, staff_units, current_count, vacancies, sort, deleted, deleted_at, is_category) VALUES (77, 'Младший аналитик', 0, 0, 0, 0, false, null, false);
INSERT INTO public.positions (position_id, name, staff_units, current_count, vacancies, sort, deleted, deleted_at, is_category) VALUES (78, 'Аналитик-координатор', 0, 0, 0, 0, false, null, false);
INSERT INTO public.positions (position_id, name, staff_units, current_count, vacancies, sort, deleted, deleted_at, is_category) VALUES (80, 'Ведущий разработчик', 0, 0, 0, 0, false, null, false);
INSERT INTO public.positions (position_id, name, staff_units, current_count, vacancies, sort, deleted, deleted_at, is_category) VALUES (83, 'Специалист по цифровым решениям', 0, 0, 0, 0, false, null, false);
INSERT INTO public.positions (position_id, name, staff_units, current_count, vacancies, sort, deleted, deleted_at, is_category) VALUES (94, 'Старший разработчик III категории', 0, 0, 0, 0, false, null, false);
INSERT INTO public.positions (position_id, name, staff_units, current_count, vacancies, sort, deleted, deleted_at, is_category) VALUES (95, 'Старший разработчик IV категории', 0, 0, 0, 0, false, null, false);
INSERT INTO public.positions (position_id, name, staff_units, current_count, vacancies, sort, deleted, deleted_at, is_category) VALUES (96, 'Разработчик II категории', 0, 0, 0, 0, false, null, false);
INSERT INTO public.positions (position_id, name, staff_units, current_count, vacancies, sort, deleted, deleted_at, is_category) VALUES (97, 'Разработчик III категории', 0, 0, 0, 0, false, null, false);
INSERT INTO public.positions (position_id, name, staff_units, current_count, vacancies, sort, deleted, deleted_at, is_category) VALUES (98, 'Разработчик IV категории', 0, 0, 0, 0, false, null, false);
INSERT INTO public.positions (position_id, name, staff_units, current_count, vacancies, sort, deleted, deleted_at, is_category) VALUES (99, 'Специалист по цифровым решениям I категории', 0, 0, 0, 0, false, null, false);
INSERT INTO public.positions (position_id, name, staff_units, current_count, vacancies, sort, deleted, deleted_at, is_category) VALUES (100, 'Специалист по цифровым решениям II категории', 0, 0, 0, 0, false, null, false);
INSERT INTO public.positions (position_id, name, staff_units, current_count, vacancies, sort, deleted, deleted_at, is_category) VALUES (101, 'Специалист по цифровым решениям III категории', 0, 0, 0, 0, false, null, false);
INSERT INTO public.positions (position_id, name, staff_units, current_count, vacancies, sort, deleted, deleted_at, is_category) VALUES (102, 'Специалист по цифровым решениям IV категории', 0, 0, 0, 0, false, null, false);
INSERT INTO public.positions (position_id, name, staff_units, current_count, vacancies, sort, deleted, deleted_at, is_category) VALUES (103, 'Специалист по цифровым решениям V категории', 0, 0, 0, 0, false, null, false);
INSERT INTO public.positions (position_id, name, staff_units, current_count, vacancies, sort, deleted, deleted_at, is_category) VALUES (104, 'Специалист по цифровым решениям IV категории', 0, 0, 0, 0, false, null, false);
INSERT INTO public.positions (position_id, name, staff_units, current_count, vacancies, sort, deleted, deleted_at, is_category) VALUES (90, 'Главный разработчик I категории', 0, 0, 0, 0, false, null, false);
INSERT INTO public.positions (position_id, name, staff_units, current_count, vacancies, sort, deleted, deleted_at, is_category) VALUES (92, 'Старший разработчик I категории', 0, 0, 0, 0, false, null, false);
INSERT INTO public.positions (position_id, name, staff_units, current_count, vacancies, sort, deleted, deleted_at, is_category) VALUES (91, 'Главный разработчик II категории', 0, 0, 0, 0, false, null, false);
INSERT INTO public.positions (position_id, name, staff_units, current_count, vacancies, sort, deleted, deleted_at, is_category) VALUES (93, 'Старший разработчик II категории', 0, 0, 0, 0, false, null, false);
INSERT INTO public.positions (position_id, name, staff_units, current_count, vacancies, sort, deleted, deleted_at, is_category) VALUES (105, 'Разработчик I категории', 0, 0, 0, 0, false, null, false);
INSERT INTO public.positions (position_id, name, staff_units, current_count, vacancies, sort, deleted, deleted_at, is_category) VALUES (106, 'Руководитель проектов по эксплуатации информационных систем', 0, 0, 0, 0, false, null, false);
INSERT INTO public.positions (position_id, name, staff_units, current_count, vacancies, sort, deleted, deleted_at, is_category) VALUES (107, 'Начальник отдела - Руководитель блока', 0, 0, 0, 0, false, null, false);
INSERT INTO public.positions (position_id, name, staff_units, current_count, vacancies, sort, deleted, deleted_at, is_category) VALUES (108, 'Ведущий специалист информационной безопасности', 0, 0, 0, 0, false, null, false);
INSERT INTO public.positions (position_id, name, staff_units, current_count, vacancies, sort, deleted, deleted_at, is_category) VALUES (109, 'Специалист информационной безопасности', 0, 0, 0, 0, false, null, false);
INSERT INTO public.positions (position_id, name, staff_units, current_count, vacancies, sort, deleted, deleted_at, is_category) VALUES (110, 'Архитектор', 0, 0, 0, 0, false, null, false);
INSERT INTO public.positions (position_id, name, staff_units, current_count, vacancies, sort, deleted, deleted_at, is_category) VALUES (111, 'Системный администратор', 0, 0, 0, 0, false, null, false);
INSERT INTO public.positions (position_id, name, staff_units, current_count, vacancies, sort, deleted, deleted_at, is_category) VALUES (112, 'Технический писатель', 0, 0, 0, 0, false, null, false);
INSERT INTO public.positions (position_id, name, staff_units, current_count, vacancies, sort, deleted, deleted_at, is_category) VALUES (113, 'Системный инженер I категории', 0, 0, 0, 0, false, null, false);
INSERT INTO public.positions (position_id, name, staff_units, current_count, vacancies, sort, deleted, deleted_at, is_category) VALUES (114, 'Системный инженер II категории', 0, 0, 0, 0, false, null, false);
INSERT INTO public.positions (position_id, name, staff_units, current_count, vacancies, sort, deleted, deleted_at, is_category) VALUES (115, 'Системный инженер III категории', 0, 0, 0, 0, false, null, false);
INSERT INTO public.positions (position_id, name, staff_units, current_count, vacancies, sort, deleted, deleted_at, is_category) VALUES (116, 'Системный инженер IV категории', 0, 0, 0, 0, false, null, false);
INSERT INTO public.positions (position_id, name, staff_units, current_count, vacancies, sort, deleted, deleted_at, is_category) VALUES (117, 'Ведущий дизайнер интерфейсов', 0, 0, 0, 0, false, null, false);
INSERT INTO public.positions (position_id, name, staff_units, current_count, vacancies, sort, deleted, deleted_at, is_category) VALUES (118, 'Специалист технической поддержки', 0, 0, 0, 0, false, null, false);
INSERT INTO public.positions (position_id, name, staff_units, current_count, vacancies, sort, deleted, deleted_at, is_category) VALUES (119, 'Дизайнер интерфейсов', 0, 0, 0, 0, false, null, false);
INSERT INTO public.positions (position_id, name, staff_units, current_count, vacancies, sort, deleted, deleted_at, is_category) VALUES (120, 'Дизайнер', 0, 0, 0, 0, false, null, false);
INSERT INTO public.positions (position_id, name, staff_units, current_count, vacancies, sort, deleted, deleted_at, is_category) VALUES (121, 'Руководитель отдела тестирования', 0, 0, 0, 0, false, null, false);
INSERT INTO public.positions (position_id, name, staff_units, current_count, vacancies, sort, deleted, deleted_at, is_category) VALUES (124, 'Тестировщик', 0, 0, 0, 0, true, '2025-05-05 06:43:19.795330', false);
INSERT INTO public.positions (position_id, name, staff_units, current_count, vacancies, sort, deleted, deleted_at, is_category) VALUES (122, 'Главный тестировщик', 0, 0, 0, 0, true, '2025-05-05 06:43:23.137931', false);
INSERT INTO public.positions (position_id, name, staff_units, current_count, vacancies, sort, deleted, deleted_at, is_category) VALUES (123, 'Ведущий тестировщик', 0, 0, 0, 0, true, '2025-05-05 06:43:26.182480', false);
INSERT INTO public.positions (position_id, name, staff_units, current_count, vacancies, sort, deleted, deleted_at, is_category) VALUES (125, 'Главный специалист', 0, 0, 0, 0, true, '2025-05-05 09:51:27.736002', false);
INSERT INTO public.projects (project_id, name, description, department_id, deleted, deleted_at) VALUES (7, 'ИАС УГД', '', null, false, null);
INSERT INTO public.projects (project_id, name, description, department_id, deleted, deleted_at) VALUES (8, 'ЕИС МГЗ', '', null, false, null);
INSERT INTO public.projects (project_id, name, description, department_id, deleted, deleted_at) VALUES (11, 'СтройМос', '', null, false, null);
INSERT INTO public.projects (project_id, name, description, department_id, deleted, deleted_at) VALUES (12, 'СтроимПросто', '', null, false, null);
INSERT INTO public.projects (project_id, name, description, department_id, deleted, deleted_at) VALUES (13, 'Строймониторинг', '', null, false, null);
INSERT INTO public.projects (project_id, name, description, department_id, deleted, deleted_at) VALUES (14, 'SuperSet', '', null, false, null);
INSERT INTO public.projects (project_id, name, description, department_id, deleted, deleted_at) VALUES (15, 'АИС РЕОН', '', null, false, null);
INSERT INTO public.projects (project_id, name, description, department_id, deleted, deleted_at) VALUES (16, 'АИС РСМ', '', null, false, null);
INSERT INTO public.projects (project_id, name, description, department_id, deleted, deleted_at) VALUES (17, 'СУИД', '', null, false, null);
INSERT INTO public.projects (project_id, name, description, department_id, deleted, deleted_at) VALUES (18, 'BS', '', null, false, null);
INSERT INTO public.projects (project_id, name, description, department_id, deleted, deleted_at) VALUES (19, 'KPI', '', null, false, null);
INSERT INTO public.projects (project_id, name, description, department_id, deleted, deleted_at) VALUES (20, 'Рейтинг ОИВ', '', null, false, null);
INSERT INTO public.projects (project_id, name, description, department_id, deleted, deleted_at) VALUES (21, 'Производственные программы', '', null, false, null);
INSERT INTO public.projects (project_id, name, description, department_id, deleted, deleted_at) VALUES (22, 'ДБ Аналитика ', 'ДБ Аналитика (Сенина)', null, false, null);
INSERT INTO public.projects (project_id, name, description, department_id, deleted, deleted_at) VALUES (23, 'EXON', '', null, false, null);
INSERT INTO public.projects (project_id, name, description, department_id, deleted, deleted_at) VALUES (9, 'СУПД АКЦЕНТ', '', null, false, null);
INSERT INTO public.projects (project_id, name, description, department_id, deleted, deleted_at) VALUES (10, 'ИАС ОГД', '', null, false, null);
INSERT INTO public.settings (id, data_key, data_value, created_at, updated_at) VALUES (1, 'hierarchy_initial_levels', '3', '2025-04-27 10:36:15.699481', '2025-05-03 09:00:46.694000');
INSERT INTO public.sort_tree (id, sort, type, type_id, parent_id) VALUES (2, 0, 'position', 24, null);
INSERT INTO public.sort_tree (id, sort, type, type_id, parent_id) VALUES (1, 0, 'position', 23, null);
INSERT INTO public.sort_tree (id, sort, type, type_id, parent_id) VALUES (4, 0, 'department', 17, null);
INSERT INTO public.sort_tree (id, sort, type, type_id, parent_id) VALUES (5, 0, 'position', 25, null);
INSERT INTO public.sort_tree (id, sort, type, type_id, parent_id) VALUES (6, 0, 'department', 18, null);
INSERT INTO public.sort_tree (id, sort, type, type_id, parent_id) VALUES (7, 0, 'position', 33, null);
INSERT INTO public.sort_tree (id, sort, type, type_id, parent_id) VALUES (8, 0, 'position', 30, null);
INSERT INTO public.sort_tree (id, sort, type, type_id, parent_id) VALUES (9, 0, 'position', 28, null);
INSERT INTO public.sort_tree (id, sort, type, type_id, parent_id) VALUES (10, 0, 'position', 34, null);
INSERT INTO public.sort_tree (id, sort, type, type_id, parent_id) VALUES (12, 0, 'position', 31, null);
INSERT INTO public.sort_tree (id, sort, type, type_id, parent_id) VALUES (13, 0, 'position', 35, null);
INSERT INTO public.sort_tree (id, sort, type, type_id, parent_id) VALUES (14, 0, 'position', 26, null);
INSERT INTO public.sort_tree (id, sort, type, type_id, parent_id) VALUES (15, 0, 'position', 29, null);
INSERT INTO public.sort_tree (id, sort, type, type_id, parent_id) VALUES (11, 0, 'department', 20, null);
INSERT INTO public.sort_tree (id, sort, type, type_id, parent_id) VALUES (3, 0, 'department', 19, null);
INSERT INTO public.sort_tree (id, sort, type, type_id, parent_id) VALUES (18, 0, 'position', 23, 17);
INSERT INTO public.sort_tree (id, sort, type, type_id, parent_id) VALUES (19, 2, 'position', 26, 17);
INSERT INTO public.sort_tree (id, sort, type, type_id, parent_id) VALUES (21, 0, 'department', 19, 18);
INSERT INTO public.sort_tree (id, sort, type, type_id, parent_id) VALUES (20, 1, 'department', 20, 18);
INSERT INTO public.sort_tree (id, sort, type, type_id, parent_id) VALUES (22, 21, 'department', 21, null);
INSERT INTO public.sort_tree (id, sort, type, type_id, parent_id) VALUES (26, 1, 'position', 41, 23);
INSERT INTO public.sort_tree (id, sort, type, type_id, parent_id) VALUES (27, 0, 'position', 45, 23);
INSERT INTO public.sort_tree (id, sort, type, type_id, parent_id) VALUES (29, 0, 'position', 80, 30);
INSERT INTO public.sort_tree (id, sort, type, type_id, parent_id) VALUES (30, 1, 'position', 83, 30);
INSERT INTO public.sort_tree (id, sort, type, type_id, parent_id) VALUES (31, 2, 'position', 90, 30);
INSERT INTO public.sort_tree (id, sort, type, type_id, parent_id) VALUES (32, 3, 'position', 91, 30);
INSERT INTO public.sort_tree (id, sort, type, type_id, parent_id) VALUES (34, 5, 'position', 93, 30);
INSERT INTO public.sort_tree (id, sort, type, type_id, parent_id) VALUES (35, 6, 'position', 94, 30);
INSERT INTO public.sort_tree (id, sort, type, type_id, parent_id) VALUES (33, 4, 'position', 92, 30);
INSERT INTO public.sort_tree (id, sort, type, type_id, parent_id) VALUES (28, 8, 'position', 105, 30);
INSERT INTO public.sort_tree (id, sort, type, type_id, parent_id) VALUES (36, 7, 'position', 95, 30);
INSERT INTO public.sort_tree (id, sort, type, type_id, parent_id) VALUES (24, 1, 'position', 39, 21);
INSERT INTO public.sort_tree (id, sort, type, type_id, parent_id) VALUES (25, 2, 'position', 40, 21);
INSERT INTO public.sort_tree (id, sort, type, type_id, parent_id) VALUES (23, 3, 'position', 41, 21);
INSERT INTO public.sort_tree (id, sort, type, type_id, parent_id) VALUES (39, 4, 'position', 50, 21);
INSERT INTO public.sort_tree (id, sort, type, type_id, parent_id) VALUES (38, 5, 'position', 52, 21);
INSERT INTO public.sort_tree (id, sort, type, type_id, parent_id) VALUES (40, 0, 'position', 51, 21);
INSERT INTO public.sort_tree (id, sort, type, type_id, parent_id) VALUES (37, 6, 'position', 53, 21);
INSERT INTO public.users (id, username, email, password, created_at, deleted, deleted_at) VALUES (1, 'admin', 'admin@example.com', '8c6976e5b5410415bde908bd4dee15dfb167a9c873fc4bb8a81f6f2ab448a918', '2025-04-24 07:52:25.855195', false, null);
